label,id,confusable_char,confusable_unicode
7,\u0037,,
·,\u00b7,"ᐧ,・,･","\u1427,\u30fb,\uff65"
’,\u2019," ̒,̓ ̕, ̔,',＇,ˈ,՚,ʼ","\u0312,\u0313\u0315,\u0314,\u0027,\uff07,\u02c8,\u055a,\u02bc"
’a,\u2019\u0061,"＇a, ʼa, ՚a, ˈa,'a, ̕a, ̔a, ̒a","\uff07\u0061,\u02bc\u0061,\u055a\u0061,\u02c8\u0061,\u0027\u0061,\u0315\u0061,\u0314\u0061,\u0312\u0061"
’a’,\u2019\u0061\u2019," ̒a ̒, ̔a ̔,ʼaʼ,ˈaˈ,՚a՚,＇a＇,'a'","\u0312\u0061\u0312,\u0314\u0061\u0314,\u02bc\u0061\u02bc,\u02c8\u0061\u02c8,\u055a\u0061\u055a,\uff07\u0061\uff07,\u0027\u0061\u0027"
’ai,\u2019\u0061\u0069," ̕ai, ̒ai, ̔ai,ʼai,ˈai,՚ai,＇ai,'ai","\u0315\u0061\u0069,\u0312\u0061\u0069,\u0314\u0061\u0069,\u02bc\u0061\u0069,\u02c8\u0061\u0069,\u055a\u0061\u0069,\uff07\u0061\u0069,\u0027\u0061\u0069"
’ai’,\u2019\u0061\u0069\u2019," ̒ai ̒, ̔ai ̔,ʼaiʼ,ˈaiˈ,՚ai՚,＇ai＇,'ai'","\u0312\u0061\u0069\u0312,\u0314\u0061\u0069\u0314,\u02bc\u0061\u0069\u02bc,\u02c8\u0061\u0069\u02c8,\u055a\u0061\u0069\u055a,\uff07\u0061\u0069\uff07,\u0027\u0061\u0069\u0027"
’e,\u2019\u0065,"＇e, ̔e, ̒e,ʼe,̓ ̕e,՚e,ˈe,'e","\uff07\u0065,\u0314\u0065,\u0312\u0065,\u02bc\u0065,\u0313\u0315\u0065,\u055a\u0065,\u02c8\u0065,\u0027\u0065"
’e’,\u2019\u0065\u2019," ̒e ̒, ̔e ̔,ʼeʼ,ˈeˈ,՚e՚,＇e＇,'e'","\u0312\u0065\u0312,\u0314\u0065\u0314,\u02bc\u0065\u02bc,\u02c8\u0065\u02c8,\u055a\u0065\u055a,\uff07\u0065\uff07,\u0027\u0065\u0027"
’i,\u2019\u0069,"ˈi,'i, ̕i, ̔i, ̒i,＇i,ʼi,՚i","\u02c8\u0069,\u0027\u0069,\u0315\u0069,\u0314\u0069,\u0312\u0069,\uff07\u0069,\u02bc\u0069,\u055a\u0069"
’i’,\u2019\u0069\u2019,"ʼiʼ,ˈiˈ,՚i՚,＇i＇,'i'","\u02bc\u0069\u02bc,\u02c8\u0069\u02c8,\u055a\u0069\u055a,\uff07\u0069\uff07,\u0027\u0069\u0027"
’o,\u2019\u006f,"ʼo,՚o,＇o,ˈo,'o, ̕o, ̔o, ̒o","\u02bc\u006f,\u055a\u006f,\uff07\u006f,\u02c8\u006f,\u0027\u006f,\u0315\u006f,\u0314\u006f,\u0312\u006f"
’o’,\u2019\u006f\u2019," ̒o ̒, ̔o ̔,ʼoʼ,ˈoˈ,՚o՚,＇o＇,'o'","\u0312\u006f\u0312,\u0314\u006f\u0314,\u02bc\u006f\u02bc,\u02c8\u006f\u02c8,\u055a\u006f\u055a,\uff07\u006f\uff07,\u0027\u006f\u0027"
’oo,\u2019\u006f\u006f," ̕oo, ̒oo, ̔oo,ʼoo,ˈoo,՚oo,＇oo,'oo","\u0315\u006f\u006f,\u0312\u006f\u006f,\u0314\u006f\u006f,\u02bc\u006f\u006f,\u02c8\u006f\u006f,\u055a\u006f\u006f,\uff07\u006f\u006f,\u0027\u006f\u006f"
’oo’,\u2019\u006f\u006f\u2019," ̕oo ̕, ̒oo ̒, ̔oo ̔,ʼooʼ,ˈooˈ,՚oo՚,＇oo＇,'oo'","\u0315\u006f\u006f\u0315,\u0312\u006f\u006f\u0312,\u0314\u006f\u006f\u0314,\u02bc\u006f\u006f\u02bc,\u02c8\u006f\u006f\u02c8,\u055a\u006f\u006f\u055a,\uff07\u006f\u006f\uff07,\u0027\u006f\u006f\u0027"
’u,\u2019\u0075,"＇u, ̔u, ̒u,ʼu,̓ ̕u,՚u,ˈu,'u","\uff07\u0075,\u0314\u0075,\u0312\u0075,\u02bc\u0075,\u0313\u0315\u0075,\u055a\u0075,\u02c8\u0075,\u0027\u0075"
’u’,\u2019\u0075\u2019," ̕u ̕, ̒u ̒, ̔u ̔,ʼuʼ,ˈuˈ,՚u՚,＇u＇,'u'","\u0315\u0075\u0315,\u0312\u0075\u0312,\u0314\u0075\u0314,\u02bc\u0075\u02bc,\u02c8\u0075\u02c8,\u055a\u0075\u055a,\uff07\u0075\uff07,\u0027\u0075\u0027"
ˈ,\u02c8," ̒,̓ ̕, ̔,’,՚,ʼ","\u0312,\u0313\u0315,\u0314,\u2019,\u055a,\u02bc"
ˈl,\u02c8\u006c," ̕l, ̒l, ̔l,ʼl,’l,՚l","\u0315\u006c,\u0312\u006c,\u0314\u006c,\u02bc\u006c,\u2019\u006c,\u055a\u006c"
ˈm,\u02c8\u006d," ̕m, ̒m, ̔m,ʼm,’m,՚m","\u0315\u006d,\u0312\u006d,\u0314\u006d,\u02bc\u006d,\u2019\u006d,\u055a\u006d"
ˈn,\u02c8\u006e," ̕n, ̒n, ̔n,ʼn,’n,՚n","\u0315\u006e,\u0312\u006e,\u0314\u006e,\u02bc\u006e,\u2019\u006e,\u055a\u006e"
ˈw,\u02c8\u0077," ̕w, ̒w, ̔w,ʼw,’w,՚w","\u0315\u0077,\u0312\u0077,\u0314\u0077,\u02bc\u0077,\u2019\u0077,\u055a\u0077"
ˈẅ,\u02c8\u1e85," ̕ẅ, ̒ẅ, ̔ẅ,ʼẅ,’ẅ,՚ẅ","\u0315\u1e85,\u0312\u1e85,\u0314\u1e85,\u02bc\u1e85,\u2019\u1e85,\u055a\u1e85"
ˈy,\u02c8\u0079," ̕y, ̒y, ̔y,ʼy,’y,՚y","\u0315\u0079,\u0312\u0079,\u0314\u0079,\u02bc\u0079,\u2019\u0079,\u055a\u0079"
°,\u00b0,,
¢,\u00a2,"￠,ȼ","\uffe0,\u023c"
¢̕,\u00a2\u0315,"¢̓,¢ˈ,¢̒,¢̔,¢ʼ,¢’,¢՚,ȼ̓,ȼˈ,ȼ̒,ȼ̔,ȼʼ,ȼ’,ȼ՚,￠̓,￠ˈ,￠̒,￠̔,￠ʼ,￠’,￠՚","\u00a2\u0313,\u00a2\u02c8,\u00a2\u0312,\u00a2\u0314,\u00a2\u02bc,\u00a2\u2019,\u00a2\u055a,\u023c\u0313,\u023c\u02c8,\u023c\u0312,\u023c\u0314,\u023c\u02bc,\u023c\u2019,\u023c\u055a,\uffe0\u0313,\uffe0\u02c8,\uffe0\u0312,\uffe0\u0314,\uffe0\u02bc,\uffe0\u2019,\uffe0\u055a"
$,\u0024,＄,\uff04
a,\u0061,,
A,\u0041,,
a̓,\u0061\u0313,"aˈ,a̕,a̒,a̔,aʼ,a’,a՚","\u0061\u02c8,\u0061\u0315,\u0061\u0312,\u0061\u0314,\u0061\u02bc,\u0061\u2019,\u0061\u055a"
á,\u00e1,á,\u0061\u0301
Á,\u00c1,Á,\u0041\u0301
á,\u0061\u0301,,
à,\u00e0,,
à,\u0061\u0300,,
â,\u00e2,,
â,\u0061\u0302,,
ǎ,\u01ce,,
ǎ,\u0061\u030c,,
ä,\u00e4,,
ä,\u0061\u0308,,
ä̀,\u00e4\u0300,"ä̀,à̈","\u0061\u0308\u0300,\u0061\u0300\u0308"
ä̂,\u00e4\u0302,"ä̂,â̈","\u0061\u0308\u0302,\u0061\u0302\u0308"
ä̌,\u00e4\u030c,"ä̌,ǎ̈","\u0061\u0308\u030c,\u0061\u030c\u0308"
ą,\u0105,ą,\u0061\u0328
Ą,\u0104,Ą,\u0041\u0328
ą,\u0061\u0328,,
ą́,\u0105\u0301,"ą́,ą́","\u0061\u0301\u0328,\u0061\u0328\u0301"
Ą́,\u0104\u0301,"Ą́,Ą́","\u0041\u0328\u0301,\u0041\u0301\u0328"
ą̀,\u0105\u0300,ą̀,\u0061\u0300\u0328
ą̀,\u0061\u0328\u0300,,
ą̂,\u0105\u0302,ą̂,\u0061\u0302\u0328
ą̂,\u0061\u0328\u0302,,
ą̌,\u0105\u030c,ą̌,\u0061\u030c\u0328
ą̌,\u0061\u0328\u030c,,
ą̈,\u0105\u0308,ą̈,\u0061\u0308\u0328
ą̈,\u0061\u0328\u0308,,
ą̈̀,\u0105\u0308\u0300,"ą̀̈,ą̈̀,ą̈̀","\u0105\u0300\u0308,\u0061\u0328\u0308\u0300,\u0061\u0308\u0328\u0300"
ą̈̂,\u0105\u0308\u0302,"ą̂̈,ą̈̂,ą̈̂","\u0105\u0302\u0308,\u0061\u0328\u0308\u0302,\u0061\u0308\u0328\u0302"
ą̈̌,\u0105\u0308\u030c,"ą̌̈,ą̈̌,ą̈̌","\u0105\u030c\u0308,\u0061\u0328\u0308\u030c,\u0061\u0308\u0328\u030c"
ą̄,\u0105\u0304,"ą̄,ą︥,ą̅,ą︤","\u0061\u0304\u0328,\u0061\ufe25\u0328,\u0061\u0305\u0328,\u0061\ufe24\u0328"
ą̄́,\u0105\u0304\u0301,"ą̄́,ą̅́,ą︤́,ą︥́","\u0061\u0304\u0328\u0301,\u0061\u0305\u0328\u0301,\u0061\ufe24\u0328\u0301,\u0061\ufe25\u0328\u0301"
ą̄̀,\u0105\u0304\u0300,"ą︥̀,ą̅̀,ą̄̀,ą︤̀","\u0061\ufe25\u0328\u0300,\u0061\u0305\u0328\u0300,\u0061\u0304\u0328\u0300,\u0061\ufe24\u0328\u0300"
ā,\u0101,"ā,a̅,a︤,a︥,a¯,a‾","\u0061\u0304,\u0061\u0305,\u0061\ufe24,\u0061\ufe25,\u0061\u00af,\u0061\u203e"
ā́,\u0101\u0301,"a̅́,a︥́,a︤́,ā́","\u0061\u0305\u0301,\u0061\ufe25\u0301,\u0061\ufe24\u0301,\u0061\u0304\u0301"
ā̀,\u0101\u0300,"ā̀,a︥̀,a̅̀,a︤̀","\u0061\u0304\u0300,\u0061\ufe25\u0300,\u0061\u0305\u0300,\u0061\ufe24\u0300"
a̱,\u0061\u0331,"a̲,a_,a̠","\u0061\u0332,\u0061\u005f,\u0061\u0320"
a:,\u0061\u003a,"a：,a꞉,a˸","\u0061\uff1a,\u0061\ua789,\u0061\u02f8"
a:w̓,\u0061\u003a\u0077\u0313,"a：w̓,a꞉w̓,a˸w̓,a:wˈ,a:w̕,a:w̒,a:w̔,a:wʼ,a:w’,a:w՚","\u0061\uff1a\u0077\u0313,\u0061\ua789\u0077\u0313,\u0061\u02f8\u0077\u0313,\u0061\u003a\u0077\u02c8,\u0061\u003a\u0077\u0315,\u0061\u003a\u0077\u0312,\u0061\u003a\u0077\u0314,\u0061\u003a\u0077\u02bc,\u0061\u003a\u0077\u2019,\u0061\u003a\u0077\u055a"
a·,\u0061\u00b7,"aᐧ,a⸱,a・,a･","\u0061\u1427,\u0061\u2e31,\u0061\u30fb,\u0061\uff65"
a',\u0061\u0027,"a＇,a’,a̓,a̕,a̒,a̔,aʼ,aˈ,a՚","\u0061\uff07,\u0061\u2019,\u0061\u0313,\u0061\u0315,\u0061\u0312,\u0061\u0314,\u0061\u02bc,\u0061\u02c8,\u0061\u055a"
a’,\u0061\u2019,"a̓,a̕,a̒,a̔,aʼ,aˈ,a՚,a＇,a'","\u0061\u0313,\u0061\u0315,\u0061\u0312,\u0061\u0314,\u0061\u02bc,\u0061\u02c8,\u0061\u055a,\u0061\uff07,\u0061\u0027"
aˈa,\u0061\u02c8\u0061,"a̕a,aʼa,a՚a,a＇a,a'a","\u0061\u0315\u0061,\u0061\u02bc\u0061,\u0061\u055a\u0061,\u0061\uff07\u0061,\u0061\u0027\u0061"
a̱ˈa̱,\u0061\u0331\u02c8\u0061\u0331,"a̱'a̱,a̲ˈa̲,a̠ˈa̠,a_ˈa_,a̱ʼa̱,a̱՚a̱,a̱＇a̱,a̲՚a̲","\u0061\u0331\u0027\u0061\u0331,\u0061\u0332\u02c8\u0061\u0332,\u0061\u0320\u02c8\u0061\u0320,\u0061\u005f\u02c8\u0061\u005f,\u0061\u0331\u02bc\u0061\u0331,\u0061\u0331\u055a\u0061\u0331,\u0061\u0331\uff07\u0061\u0331,\u0061\u0332\u055a\u0061\u0332"
aa,\u0061\u0061,,
áa,\u00e1\u0061,áa,\u0061\u0301\u0061
ąą,\u0105\u0105,ąą,\u0061\u0328\u0061\u0328
āa,\u0101\u0061,"āa,a̅a","\u0061\u0304\u0061,\u0061\u0305\u0061"
a̱a̱,\u0061\u0331\u0061\u0331,"a̲a̲,a̠a̠,a_a_","\u0061\u0332\u0061\u0332,\u0061\u0320\u0061\u0320,\u0061\u005f\u0061\u005f"
aaw,\u0061\u0061\u0077,,
aay,\u0061\u0061\u0079,,
ae,\u0061\u0065,,
æ,\u00e6,ae,\u0061\u0065
ah,\u0061\u0068,,
ai,\u0061\u0069,,
ai’,\u0061\u0069\u2019,"ai̕,aiʼ,aiˈ,ai՚,ai＇,ai'","\u0061\u0069\u0315,\u0061\u0069\u02bc,\u0061\u0069\u02c8,\u0061\u0069\u055a,\u0061\u0069\uff07,\u0061\u0069\u0027"
aih,\u0061\u0069\u0068,,
aii,\u0061\u0069\u0069,,
aiʼ,\u0061\u0069\u02bc,"aiˈ,ai̕,ai’,ai՚","\u0061\u0069\u02c8,\u0061\u0069\u0315,\u0061\u0069\u2019,\u0061\u0069\u055a"
an,\u0061\u006e,,
ang,\u0061\u006e\u0067,,
ao,\u0061\u006f,,
aó,\u0061\u00f3,aó,\u0061\u006f\u0301
áo,\u00e1\u006f,áo,\u0061\u0301\u006f
aw,\u0061\u0077,,
aw̓,\u0061\u0077\u0313,"awˈ,aw̕,aw̒,aw̔,awʼ,aw’,aw՚","\u0061\u0077\u02c8,\u0061\u0077\u0315,\u0061\u0077\u0312,\u0061\u0077\u0314,\u0061\u0077\u02bc,\u0061\u0077\u2019,\u0061\u0077\u055a"
áw,\u00e1\u0077,áw,\u0061\u0301\u0077
ąw,\u0105\u0077,ąw,\u0061\u0328\u0077
ą̈w,\u0105\u0308\u0077,ą̈w,\u0061\u0328\u0308\u0077
ay,\u0061\u0079,,
áy,\u00e1\u0079,áy,\u0061\u0301\u0079
äy,\u00e4\u0079,äy,\u0061\u0308\u0079
ąy,\u0105\u0079,ąy,\u0061\u0328\u0079
ą̈y,\u0105\u0308\u0079,ą̈y,\u0061\u0328\u0308\u0079
Ⱥ,\u023a,"A̸,A̷","\u0041\u0338,\u0041\u0337"
b,\u0062,,
B,\u0042,,
b̓,\u0062\u0313,"bˈ,b̕,b̒,b̔,bʼ,b’,b՚","\u0062\u02c8,\u0062\u0315,\u0062\u0312,\u0062\u0314,\u0062\u02bc,\u0062\u2019,\u0062\u055a"
c,\u0063,,
C,\u0043,,
c̓,\u0063\u0313,"c̔,c̕,cˈ,c’,c՚,cʼ,c̒","\u0063\u0314,\u0063\u0315,\u0063\u02c8,\u0063\u2019,\u0063\u055a,\u0063\u02bc,\u0063\u0312"
Ć,\u0106,Ć,\u0043\u0301
ĉ,\u0109,ĉ,\u0063\u0302
č,\u010d,č,\u0063\u030c
č,\u0063\u030c,,
č̓,\u010d\u0313,"č̍,č̒,č̍,č̔,č̕,č̒,č̔,č̓,č’,č̕,č՚,čʼ,č՚,č’,čʼ,čˈ,čˈ","\u010d\u030d,\u010d\u0312,\u0063\u030c\u030d,\u010d\u0314,\u010d\u0315,\u0063\u030c\u0312,\u0063\u030c\u0314,\u0063\u030c\u0313,\u010d\u2019,\u0063\u030c\u0315,\u010d\u055a,\u010d\u02bc,\u0063\u030c\u055a,\u0063\u030c\u2019,\u0063\u030c\u02bc,\u010d\u02c8,\u0063\u030c\u02c8"
č̓,\u0063\u030c\u0313,,
c̕,\u0063\u0315,"c̓,c̍,c̔,c̒,cʼ,c’,c՚","\u0063\u0313,\u0063\u030d,\u0063\u0314,\u0063\u0312,\u0063\u02bc,\u0063\u2019,\u0063\u055a"
c̣,\u0063\u0323,,
c’,\u0063\u2019,"c̓,c̕,c̒,c̔,cʼ,cˈ,c՚,c＇,c'","\u0063\u0313,\u0063\u0315,\u0063\u0312,\u0063\u0314,\u0063\u02bc,\u0063\u02c8,\u0063\u055a,\u0063\uff07,\u0063\u0027"
č’,\u010d\u2019,"čʼ,č՚,č',č̕,čʼ,č՚,č',č̕","\u010d\u02bc,\u010d\u055a,\u010d\u0027,\u010d\u0315,\u0063\u030c\u02bc,\u0063\u030c\u055a,\u0063\u030c\u0027,\u0063\u030c\u0315"
ch,\u0063\u0068,,
ch̕,\u0063\u0068\u0315,"chˈ,ch̓,ch̒,ch̔,chʼ,ch’,ch՚","\u0063\u0068\u02c8,\u0063\u0068\u0313,\u0063\u0068\u0312,\u0063\u0068\u0314,\u0063\u0068\u02bc,\u0063\u0068\u2019,\u0063\u0068\u055a"
ch',\u0063\u0068\u0027,"ch＇,ch՚,ch’,chʼ","\u0063\u0068\uff07,\u0063\u0068\u055a,\u0063\u0068\u2019,\u0063\u0068\u02bc"
ch’,\u0063\u0068\u2019,"ch＇,ch̕,chˈ,ch',ch՚,chʼ,ch̒,ch̔,ch̓","\u0063\u0068\uff07,\u0063\u0068\u0315,\u0063\u0068\u02c8,\u0063\u0068\u0027,\u0063\u0068\u055a,\u0063\u0068\u02bc,\u0063\u0068\u0312,\u0063\u0068\u0314,\u0063\u0068\u0313"
chˈ,\u0063\u0068\u02c8,"ch̓,ch̕,ch̒,ch̔,chʼ,ch’,ch՚","\u0063\u0068\u0313,\u0063\u0068\u0315,\u0063\u0068\u0312,\u0063\u0068\u0314,\u0063\u0068\u02bc,\u0063\u0068\u2019,\u0063\u0068\u055a"
chʼ,\u0063\u0068\u02bc,"ch̕,chˈ,ch՚,ch’,ch̒,ch̔,ch̓","\u0063\u0068\u0315,\u0063\u0068\u02c8,\u0063\u0068\u055a,\u0063\u0068\u2019,\u0063\u0068\u0312,\u0063\u0068\u0314,\u0063\u0068\u0313"
cw,\u0063\u0077,,
cʼ,\u0063\u02bc,"c̓,c̔,c̕,cˈ,c’,c՚,c̒","\u0063\u0313,\u0063\u0314,\u0063\u0315,\u0063\u02c8,\u0063\u2019,\u0063\u055a,\u0063\u0312"
čʼ,\u010d\u02bc,"č̕,čˈ,č’,č՚,č̕,čˈ,č’,č՚","\u0063\u030c\u0315,\u0063\u030c\u02c8,\u0063\u030c\u2019,\u0063\u030c\u055a,\u010d\u0315,\u010d\u02c8,\u010d\u2019,\u010d\u055a"
Ȼ,\u023b,"C̸,C̷","\u0043\u0338,\u0043\u0337"
d,\u0064,,
D,\u0044,,
d̓,\u0064\u0313,"dˈ,d̕,d̒,d̔,dʼ,d’,d՚","\u0064\u02c8,\u0064\u0315,\u0064\u0312,\u0064\u0314,\u0064\u02bc,\u0064\u2019,\u0064\u055a"
ddh,\u0064\u0064\u0068,,
dh,\u0064\u0068,,
dj,\u0064\u006a,,
dl,\u0064\u006c,,
dł,\u0064\u0142,"dl̸,dl̷","\u0064\u006c\u0338,\u0064\u006c\u0337"
dr,\u0064\u0072,,
dz,\u0064\u007a,,
ʣ,\u02a3,dz,\u0064\u007a
dᶻ,\u0064\u1dbb,,
dẑ,\u0064\u1e91,dẑ,\u0064\u007a\u0302
dẕ,\u0064\u1e95,"dz̲,dz̠,dz_,dẕ","\u0064\u007a\u0332,\u0064\u007a\u0320,\u0064\u007a\u005f,\u0064\u007a\u0331"
d̲z̲,\u0064\u0332\u007a\u0332,"ḏẕ,d̠ẕ,ḏẕ,d̲z_,d̠z̠,d_ẕ,d̲ẕ,d̲z̠,ḏẕ,d_z_","\u1e0f\u1e95,\u0064\u0320\u1e95,\u0064\u0331\u1e95,\u0064\u0332\u007a\u005f,\u0064\u0320\u007a\u0320,\u0064\u005f\u1e95,\u0064\u0332\u007a\u0331,\u0064\u0332\u007a\u0320,\u0064\u0331\u007a\u0331,\u0064\u005f\u007a\u005f"
ḏẕ,\u1e0f\u1e95,"d̲z̠,d̲z_,d̲ẕ,d̠z̠,d_z_,ḏẕ,d̠ẕ,d_ẕ,ḏẕ","\u0064\u0332\u007a\u0320,\u0064\u0332\u007a\u005f,\u0064\u0332\u007a\u0331,\u0064\u0320\u007a\u0320,\u0064\u005f\u007a\u005f,\u0064\u0331\u007a\u0331,\u0064\u0320\u1e95,\u0064\u005f\u1e95,\u0064\u0331\u1e95"
dzh,\u0064\u007a\u0068,,
e,\u0065,,
E,\u0045,,
é,\u00e9,é,\u0065\u0301
É,\u00c9,É,\u0045\u0301
é,\u0065\u0301,,
è,\u00e8,è,\u0065\u0300
ê,\u00ea,ê,\u0065\u0302
ě,\u011b,ě,\u0065\u030c
ë,\u00eb,ë,\u0065\u0308
ë̀,\u00eb\u0300,ë̀,\u0065\u0308\u0300
ë̂,\u00eb\u0302,ë̂,\u0065\u0308\u0302
ë̌,\u00eb\u030c,ë̌,\u0065\u0308\u030c
ę,\u0119,ę,\u0065\u0328
Ę,\u0118,Ę,\u0045\u0328
ę́,\u0119\u0301,ę́,\u0065\u0328\u0301
Ę́,\u0118\u0301,Ę́,\u0045\u0328\u0301
ę̀,\u0119\u0300,ę̀,\u0065\u0328\u0300
ę̂,\u0119\u0302,ę̂,\u0065\u0328\u0302
ę̌,\u0119\u030c,ę̌,\u0065\u0328\u030c
ę̈,\u0119\u0308,ę̈,\u0065\u0328\u0308
ę̈̀,\u0119\u0308\u0300,ę̈̀,\u0065\u0328\u0308\u0300
ę̈̂,\u0119\u0308\u0302,ę̈̂,\u0065\u0328\u0308\u0302
ę̈̌,\u0119\u0308\u030c,ę̈̌,\u0065\u0328\u0308\u030c
ę̄,\u0119\u0304,ę̄,\u0065\u0328\u0304
ę̄́,\u0119\u0304\u0301,ę̄́,\u0065\u0328\u0304\u0301
ę̄̀,\u0119\u0304\u0300,ę̄̀,\u0065\u0328\u0304\u0300
ē,\u0113,"ē,e̅,e︤,e︥,e¯,e‾","\u0065\u0304,\u0065\u0305,\u0065\ufe24,\u0065\ufe25,\u0065\u00af,\u0065\u203e"
ḗ,\u1e17,"é̄,é̅,é︤,é︥,é¯,é‾,ḗ,e̅́,e︤́,e︥́,e¯́,e‾́","\u0065\u0301\u0304,\u0065\u0301\u0305,\u0065\u0301\ufe24,\u0065\u0301\ufe25,\u0065\u0301\u00af,\u0065\u0301\u203e,\u0065\u0304\u0301,\u0065\u0305\u0301,\u0065\ufe24\u0301,\u0065\ufe25\u0301,\u0065\u00af\u0301,\u0065\u203e\u0301"
ḕ,\u1e15,"è̄,è̅,è︤,è︥,è¯,è‾,ḕ,e̅̀,e︤̀,e︥̀,e¯̀,e‾̀","\u0065\u0300\u0304,\u0065\u0300\u0305,\u0065\u0300\ufe24,\u0065\u0300\ufe25,\u0065\u0300\u00af,\u0065\u0300\u203e,\u0065\u0304\u0300,\u0065\u0305\u0300,\u0065\ufe24\u0300,\u0065\ufe25\u0300,\u0065\u00af\u0300,\u0065\u203e\u0300"
e̱,\u0065\u0331,"e̲,e̠,e_","\u0065\u0332,\u0065\u0320,\u0065\u005f"
e:,\u0065\u003a,"e：,e꞉,e˸","\u0065\uff1a,\u0065\ua789,\u0065\u02f8"
é:y,\u00e9\u003a\u0079,é:y,\u0065\u0301\u003a\u0079
e',\u0065\u0027,"e＇,e’,e̓,e̕,e̒,e̔,eʼ,eˈ,e՚","\u0065\uff07,\u0065\u2019,\u0065\u0313,\u0065\u0315,\u0065\u0312,\u0065\u0314,\u0065\u02bc,\u0065\u02c8,\u0065\u055a"
e’,\u0065\u2019,"e＇,e',e̓,e̕,e̒,e̔,eʼ,eˈ,e՚","\u0065\uff07,\u0065\u0027,\u0065\u0313,\u0065\u0315,\u0065\u0312,\u0065\u0314,\u0065\u02bc,\u0065\u02c8,\u0065\u055a"
eˈe,\u0065\u02c8\u0065,"e̕e,eʼe,e’e,e՚e","\u0065\u0315\u0065,\u0065\u02bc\u0065,\u0065\u2019\u0065,\u0065\u055a\u0065"
ea,\u0065\u0061,,
ęą,\u0119\u0105,ęą,\u0065\u0328\u0061\u0328
ee,\u0065\u0065,,
ée,\u00e9\u0065,ée,\u0065\u0301\u0065
ēe,\u0113\u0065,"ēe,e̅e","\u0065\u0304\u0065,\u0065\u0305\u0065"
eii,\u0065\u0069\u0069,,
ew,\u0065\u0077,,
ew̓,\u0065\u0077\u0313,"ewˈ,ew̕,ew̒,ew̔,ewʼ,ew’,ew՚","\u0065\u0077\u02c8,\u0065\u0077\u0315,\u0065\u0077\u0312,\u0065\u0077\u0314,\u0065\u0077\u02bc,\u0065\u0077\u2019,\u0065\u0077\u055a"
ey,\u0065\u0079,,
ey̓,\u0065\u0079\u0313,"ey̕,eyˈ,ey̒,ey̔,eyʼ,ey’,ey՚","\u0065\u0079\u0315,\u0065\u0079\u02c8,\u0065\u0079\u0312,\u0065\u0079\u0314,\u0065\u0079\u02bc,\u0065\u0079\u2019,\u0065\u0079\u055a"
ǝ,\u01dd,,
ǝ́,\u01dd\u0301,,
ə,\u0259,ǝ,\u01dd
ə́,\u0259\u0301,ǝ́,\u01dd\u0301
ə̣,\u0259\u0323,ǝ̣,\u01dd\u0323
əl,\u0259\u006c,ǝl,\u01dd\u006c
əm,\u0259\u006d,ǝm,\u01dd\u006d
ən,\u0259\u006e,ǝn,\u01dd\u006e
əw,\u0259\u0077,ǝw,\u01dd\u0077
əw̓,\u0259\u0077\u0313,"əwˈ,əw̕,əw̒,əw̔,əwʼ,əw’,əw՚,ǝw̓,ǝwˈ,ǝw̕,ǝw̒,ǝw̔,ǝwʼ,ǝw’,ǝw՚","\u0259\u0077\u02c8,\u0259\u0077\u0315,\u0259\u0077\u0312,\u0259\u0077\u0314,\u0259\u0077\u02bc,\u0259\u0077\u2019,\u0259\u0077\u055a,\u01dd\u0077\u0313,\u01dd\u0077\u02c8,\u01dd\u0077\u0315,\u01dd\u0077\u0312,\u01dd\u0077\u0314,\u01dd\u0077\u02bc,\u01dd\u0077\u2019,\u01dd\u0077\u055a"
əy,\u0259\u0079,ǝy,\u01dd\u0079
əy̓,\u0259\u0079\u0313,"əyˈ,əy̕,əy̒,əy̔,əyʼ,əy’,əy՚,ǝy̓,ǝyˈ,ǝy̕,ǝy̒,ǝy̔,ǝyʼ,ǝy’,ǝy՚","\u0259\u0079\u02c8,\u0259\u0079\u0315,\u0259\u0079\u0312,\u0259\u0079\u0314,\u0259\u0079\u02bc,\u0259\u0079\u2019,\u0259\u0079\u055a,\u01dd\u0079\u0313,\u01dd\u0079\u02c8,\u01dd\u0079\u0315,\u01dd\u0079\u0312,\u01dd\u0079\u0314,\u01dd\u0079\u02bc,\u01dd\u0079\u2019,\u01dd\u0079\u055a"
ɛ,\u025b,,
ɛ̄ɛ,\u025b\u0304\u025b,"ɛ̅ɛ,ɛ︤ɛ,ɛ︥ɛ,ɛ¯ɛ,ɛ‾ɛ","\u025b\u0305\u025b,\u025b\ufe24\u025b,\u025b\ufe25\u025b,\u025b\u00af\u025b,\u025b\u203e\u025b"
f,\u0066,,
g,\u0067,,
g̓,\u0067\u0313,"gˈ,g’,g՚,gʼ,g̒,g̔,g̕","\u0067\u02c8,\u0067\u2019,\u0067\u055a,\u0067\u02bc,\u0067\u0312,\u0067\u0314,\u0067\u0315"
ĝ,\u011d,ĝ,\u0067\u0302
ǧ,\u01e7,"ǧ,ğ","\u0067\u030c,\u011f"
ḡ,\u1e21,"ḡ,g̅,g︤,g︥,g¯,g‾","\u0067\u0304,\u0067\u0305,\u0067\ufe24,\u0067\ufe25,\u0067\u00af,\u0067\u203e"
g̱,\u0067\u0331,"g_,g̠,g̲","\u0067\u005f,\u0067\u0320,\u0067\u0332"
g°,\u0067\u00b0,,
ḡ°,\u1e21\u00b0,,
gg,\u0067\u0067,,
ggw,\u0067\u0067\u0077,,
gh,\u0067\u0068,,
ghw,\u0067\u0068\u0077,,
gv,\u0067\u0076,,
ǧv,\u01e7\u0076,"ǧv,ğv","\u0067\u030c\u0076,\u011f\u0076"
gw,\u0067\u0077,,
gʷ,\u0067\u02b7,,
g̓w,\u0067\u0313\u0077,"g’w,gʼw,g՚w,gˈw,g̕w,g̔w,g̒w","\u0067\u2019\u0077,\u0067\u02bc\u0077,\u0067\u055a\u0077,\u0067\u02c8\u0077,\u0067\u0315\u0077,\u0067\u0314\u0077,\u0067\u0312\u0077"
ǧʷ,\u01e7\u02b7,"ǧʷ,ğʷ","\u0067\u030c\u02b7,\u011f\u02b7"
g̱w,\u0067\u0331\u0077,"g̲w,g̠w,g_w","\u0067\u0332\u0077,\u0067\u0320\u0077,\u0067\u005f\u0077"
gʸ,\u0067\u02b8,,
gy,\u0067\u0079,,
ǥ,\u01e5,,
ǥw,\u01e5\u0077,,
ɣ,\u0263,ɤ,\u0264
ɣ̓,\u0263\u0313,"ɤˈ,ɤ̕,ɤ̒,ɤ̔,ɤʼ,ɤ’,ɤ՚,ɣˈ,ɣ̕,ɣ̒,ɣ̔,ɣʼ,ɣ’,ɣ՚,ɤ̓","\u0264\u02c8,\u0264\u0315,\u0264\u0312,\u0264\u0314,\u0264\u02bc,\u0264\u2019,\u0264\u055a,\u0263\u02c8,\u0263\u0315,\u0263\u0312,\u0263\u0314,\u0263\u02bc,\u0263\u2019,\u0263\u055a,\u0264\u0313"
ɣʼ,\u0263\u02bc,"ɤˈ,ɤ̕,ɤ̒,ɤ̔,ɤ’,ɤ՚,Ɣˈ,Ɣ̕,Ɣ̒,Ɣ̔,Ɣ’,Ɣ՚,ɣˈ,ɣ̕,ɣ̒,ɣ̔,ɣ’,ɣ՚,Ɣ̓,ɤ̓","\u0264\u02c8,\u0264\u0315,\u0264\u0312,\u0264\u0314,\u0264\u2019,\u0264\u055a,\u0194\u02c8,\u0194\u0315,\u0194\u0312,\u0194\u0314,\u0194\u2019,\u0194\u055a,\u0263\u02c8,\u0263\u0315,\u0263\u0312,\u0263\u0314,\u0263\u2019,\u0263\u055a,\u0194\u0313,\u0264\u0313"
h,\u0068,,
H,\u0048,,
h̓,\u0068\u0313,"hˈ,h̕,h̒,h̔,hʼ,h’,h՚","\u0068\u02c8,\u0068\u0315,\u0068\u0312,\u0068\u0314,\u0068\u02bc,\u0068\u2019,\u0068\u055a"
ĥ,\u0125,ĥ,\u0068\u0302
ḥ,\u1e25,ḥ,\u0068\u0323
ḥ,\u0068\u0323,,
ħ,\u0127,,
hl,\u0068\u006c,,
hll,\u0068\u006c\u006c,,
hw,\u0068\u0077,,
i,\u0069,,
I,\u0049,,
i̓,\u0069\u0313,"iˈ,i̕,i̒,i̔,iʼ,i’,i՚","\u0069\u02c8,\u0069\u0315,\u0069\u0312,\u0069\u0314,\u0069\u02bc,\u0069\u2019,\u0069\u055a"
í,\u00ed,í,\u0069\u0301
Í,\u00cd,Í,\u0049\u0301
í,\u0069\u0301,,
ì,\u00ec,ì,\u0069\u0300
Ì,\u00cc,Ì,\u0049\u0300
î,\u00ee,î,\u0069\u0302
ǐ,\u01d0,ǐ,\u0069\u030c
ï,\u00ef,ï,\u0069\u0308
Ĩ,\u0128,"Ĩ,I̴","\u0049\u0303,\u0049\u0334"
į,\u012f,į,\u0069\u0328
Į,\u012e,Į,\u0049\u0328
Į́,\u012e\u0301,Į́,\u0049\u0328\u0301
į́,\u012f\u0301,į́,\u0069\u0328\u0301
į̀,\u012f\u0300,į̀,\u0069\u0328\u0300
į̂,\u012f\u0302,į̂,\u0069\u0328\u0302
į̌,\u012f\u030c,į̌,\u0069\u0328\u030c
į̄,\u012f\u0304,į̄,\u0069\u0328\u0304
į̄́,\u012f\u0304\u0301,į̄́,\u0069\u0328\u0304\u0301
į̄̀,\u012f\u0304\u0300,į̄̀,\u0069\u0328\u0304\u0300
ī,\u012b,"ī,i̅,i︤,i︥,i¯,i‾","\u0069\u0304,\u0069\u0305,\u0069\ufe24,\u0069\ufe25,\u0069\u00af,\u0069\u203e"
ī́,\u012b\u0301,"i̅́,i︥́,i︤́,ī́","\u0069\u0305\u0301,\u0069\ufe25\u0301,\u0069\ufe24\u0301,\u0069\u0304\u0301"
ī̀,\u012b\u0300,"ī̀,i̅̀,i︤̀","\u0069\u0304\u0300,\u0069\u0305\u0300,\u0069\ufe24\u0300"
ị,\u0069\u0323,,
i̱,\u0069\u0331,"i̲,i̠,i_","\u0069\u0332,\u0069\u0320,\u0069\u005f"
i:,\u0069\u003a,"i：,i꞉,i˸","\u0069\uff1a,\u0069\ua789,\u0069\u02f8"
i·,\u0069\u00b7,,
i',\u0069\u0027,"i＇,i’,i̕,iʼ,iˈ,i՚","\u0069\uff07,\u0069\u2019,\u0069\u0315,\u0069\u02bc,\u0069\u02c8,\u0069\u055a"
i’,\u0069\u2019,"i̕,iʼ,iˈ,i՚,i＇,i'","\u0069\u0315,\u0069\u02bc,\u0069\u02c8,\u0069\u055a,\u0069\uff07,\u0069\u0027"
iˈi,\u0069\u02c8\u0069,"i̕i,iʼi,i’i,i՚i","\u0069\u0315\u0069,\u0069\u02bc\u0069,\u0069\u2019\u0069,\u0069\u055a\u0069"
ii,\u0069\u0069,,
íi,\u0069\u0301\u0069,,
íi,\u00ed\u0069,,
ìì,\u00ec\u00ec,,
įį,\u012f\u012f,įį,\u0069\u0328\u0069\u0328
į̀į̀,\u012f\u0300\u012f\u0300,į̀į̀,\u0069\u0328\u0300\u0069\u0328\u0300
īi,\u012b\u0069,"īi,i̅i,i︤i,i︥i","\u0069\u0304\u0069,\u0069\u0305\u0069,\u0069\ufe24\u0069,\u0069\ufe25\u0069"
iw,\u0069\u0077,,
iw̓,\u0069\u0077\u0313,,
iy,\u0069\u0079,,
ı,\u0131,ɩ,\u0269
ı́,\u0131\u0301,ɩ́,\u0269\u0301
ı̨,\u0131\u0328,ɩ̨,\u0269\u0328
ı̨́,\u0131\u0328\u0301,ɩ̨́,\u0269\u0328\u0301
Ɨ,\u0197,"I̸,I̷","\u0049\u0338,\u0049\u0337"
ɨ,\u0268,"i̸,i̷","\u0069\u0338,\u0069\u0337"
ɩ,\u0269,ı,\u0131
j,\u006a,,
J,\u004a,,
ĵ,\u0135,ĵ,\u006a\u0302
ǰ,\u01f0,ǰ,\u006a\u030c
k,\u006b,,
K,\u004b,,
k̓,\u006b\u0313,"k̍,k̒,k̔,k̕","\u006b\u030d,\u006b\u0312,\u006b\u0314,\u006b\u0315"
ḱ,\u1e31,,
Ḱ,\u004b\u0301,Ќ,\u040c
k̕,\u006b\u0315,"k̓,k̍,k̒,k̔,kʼ,k’,k՚","\u006b\u0313,\u006b\u030d,\u006b\u0312,\u006b\u0314,\u006b\u02bc,\u006b\u2019,\u006b\u055a"
ḵ,\u1e35,"k̲,k̠,k_,ḵ","\u006b\u0332,\u006b\u0320,\u006b\u005f,\u006b\u0331"
Ḵ,\u1e34,"K̲,K̠,K_,Ḵ","\u004b\u0332,\u004b\u0320,\u004b\u005f,\u004b\u0331"
ḵ̓,\u1e35\u0313,"k̲̓,k_̓,k̠̓","\u006b\u0332\u0313,\u006b\u005f\u0313,\u006b\u0320\u0313"
ḵ́,\u1e35\u0301,,
ḵ̕,\u1e35\u0315,"k̲̕,k̠̕,k_̕","\u006b\u0332\u0315,\u006b\u0320\u0315,\u006b\u005f\u0315"
K̵,\u004b\u0335,K̶,\u004b\u0336
k',\u006b\u0027,"kʼ,k̒,k̓,k̔,k̕,k＇,kˈ,k’,k՚","\u006b\u02bc,\u006b\u0312,\u006b\u0313,\u006b\u0314,\u006b\u0315,\u006b\uff07,\u006b\u02c8,\u006b\u2019,\u006b\u055a"
ḵ',\u1e35\u0027,"ḵ̕,k_’,k̠ʼ,ḵ’,k_՚,k̲’,k̲՚,ḵʼ,ḵ＇,ḵˈ,ḵʼ,k̠՚,k̠’,k_ʼ,ḵ̓,ḵ̒,ḵ̕,ḵ̔,ḵˈ,ḵ’,k̲ʼ,ḵ՚,ḵ＇,ḵ̔,ḵ̓,ḵ̒","\u1e35\u0315,\u006b\u005f\u2019,\u006b\u0320\u02bc,\u1e35\u2019,\u006b\u005f\u055a,\u006b\u0332\u2019,\u006b\u0332\u055a,\u006b\u0331\u02bc,\u006b\u0331\uff07,\u006b\u0331\u02c8,\u1e35\u02bc,\u006b\u0320\u055a,\u006b\u0320\u2019,\u006b\u005f\u02bc,\u006b\u0331\u0313,\u006b\u0331\u0312,\u006b\u0331\u0315,\u006b\u0331\u0314,\u1e35\u02c8,\u006b\u0331\u2019,\u006b\u0332\u02bc,\u006b\u0331\u055a,\u1e35\uff07,\u1e35\u0314,\u1e35\u0313,\u1e35\u0312"
k'w,\u006b\u0027\u0077,"k＇w,k’w,k̕w,kʼw,kˈw,k՚w","\u006b\uff07\u0077,\u006b\u2019\u0077,\u006b\u0315\u0077,\u006b\u02bc\u0077,\u006b\u02c8\u0077,\u006b\u055a\u0077"
k'y,\u006b\u0027\u0079,"k＇y,k’y,kʼy,kˈy,k՚y","\u006b\uff07\u0079,\u006b\u2019\u0079,\u006b\u02bc\u0079,\u006b\u02c8\u0079,\u006b\u055a\u0079"
k’,\u006b\u2019,"kʼ,k̓,k̕,k',k＇,kˈ,k՚","\u006b\u02bc,\u006b\u0313,\u006b\u0315,\u006b\u0027,\u006b\uff07,\u006b\u02c8,\u006b\u055a"
kˈ,\u006b\u02c8,"kʼ,k̓,k̕,k',k＇,k’,k՚","\u006b\u02bc,\u006b\u0313,\u006b\u0315,\u006b\u0027,\u006b\uff07,\u006b\u2019,\u006b\u055a"
ḵˈ,\u1e35\u02c8,"k̲̓,k̲̕,k̲ʼ,k̲’,k̲՚,k̲＇,k̲' ,k̠̓,k̠̕,k̠ʼ,k̠’,k̠՚,k̠＇,k̠',k_̓,k_̕,k_ʼ,k_’,ḵ̓,ḵ̕,ḵʼ,ḵ’,ḵ՚,ḵ＇,ḵ'","\u006b\u0332\u0313,\u006b\u0332\u0315,\u006b\u0332\u02bc,\u006b\u0332\u2019,\u006b\u0332\u055a,\u006b\u0332\uff07,\u006b\u0332\u0027,\u006b\u0320\u0313,\u006b\u0320\u0315,\u006b\u0320\u02bc,\u006b\u0320\u2019,\u006b\u0320\u055a,\u006b\u0320\uff07,\u006b\u0320\u0027,\u006b\u005f\u0313,\u006b\u005f\u0315,\u006b\u005f\u02bc,\u006b\u005f\u2019,\u006b\u0331\u0313,\u006b\u0331\u0315,\u006b\u0331\u02bc,\u006b\u0331\u2019,\u006b\u0331\u055a,\u006b\u0331\uff07,\u006b\u0331\u0027"
kˈw,\u006b\u02c8\u0077,"k̕w,kʼw,k’w,k՚w","\u006b\u0315\u0077,\u006b\u02bc\u0077,\u006b\u2019\u0077,\u006b\u055a\u0077"
kˈy,\u006b\u02c8\u0079,"k̕y,kʼy,k’y,k՚y","\u006b\u0315\u0079,\u006b\u02bc\u0079,\u006b\u2019\u0079,\u006b\u055a\u0079"
k°,\u006b\u00b0,,
k̓°,\u006b\u0313\u00b0,,
kh,\u006b\u0068,,
khw,\u006b\u0068\u0077,,
kv,\u006b\u0076,,
k̓v,\u006b\u0313\u0076,,
kw,\u006b\u0077,,
kʷ,\u006b\u02b7,,
kw̕,\u006b\u0077\u0315,"kwˈ,kw̓,kw̒,kw̔,kwʼ,kw’,kw՚","\u006b\u0077\u02c8,\u006b\u0077\u0313,\u006b\u0077\u0312,\u006b\u0077\u0314,\u006b\u0077\u02bc,\u006b\u0077\u2019,\u006b\u0077\u055a"
k̓ʷ,\u006b\u0313\u02b7,"k̒ʷ,k̍ʷ,k̕ʷ,k̔ʷ","\u006b\u0312\u02b7,\u006b\u030d\u02b7,\u006b\u0315\u02b7,\u006b\u0314\u02b7"
k̓w,\u006b\u0313\u0077,,
ḱw,\u1e31\u0077,,
k̕ʷ,\u006b\u0315\u02b7,"k̓ʷ,k̍ʷ,k̒ʷ,k̔ʷ,kʼʷ,k’ʷ,k՚ʷ","\u006b\u0313\u02b7,\u006b\u030d\u02b7,\u006b\u0312\u02b7,\u006b\u0314\u02b7,\u006b\u02bc\u02b7,\u006b\u2019\u02b7,\u006b\u055a\u02b7"
k̕w,\u006b\u0315\u0077,,
ḵw,\u1e35\u0077,,
ḵw,\u006b\u0331\u0077,,
ḵw̕,\u1e35\u0077\u0315,"ḵwˈ,ḵw̓,ḵw̒,ḵw̔,ḵwʼ,ḵw’,k̠w̓,k̠w̒,k̠w̔,k̠wʼ,k̠w’,k̠w՚","\u1e35\u0077\u02c8,\u1e35\u0077\u0313,\u1e35\u0077\u0312,\u1e35\u0077\u0314,\u1e35\u0077\u02bc,\u1e35\u0077\u2019,\u006b\u0320\u0077\u0313,\u006b\u0320\u0077\u0312,\u006b\u0320\u0077\u0314,\u006b\u0320\u0077\u02bc,\u006b\u0320\u0077\u2019,\u006b\u0320\u0077\u055a"
ḵ́w,\u1e35\u0301\u0077,,
ḵ̕w,\u1e35\u0315\u0077,"k̲ˈw,k̲̓w,k̲̒w,k̲̔w,k̲ʼw,k̲’w,k̲՚w,k̠ˈw,k̠̓w,k̠̒w,k̠̔w,k̠ʼw,k̠’w,k̠՚w,ḵˈw,ḵ̓w,ḵ̒w,ḵ̔w,ḵʼw,ḵ’w,ḵ՚w","\u006b\u0332\u02c8\u0077,\u006b\u0332\u0313\u0077,\u006b\u0332\u0312\u0077,\u006b\u0332\u0314\u0077,\u006b\u0332\u02bc\u0077,\u006b\u0332\u2019\u0077,\u006b\u0332\u055a\u0077,\u006b\u0320\u02c8\u0077,\u006b\u0320\u0313\u0077,\u006b\u0320\u0312\u0077,\u006b\u0320\u0314\u0077,\u006b\u0320\u02bc\u0077,\u006b\u0320\u2019\u0077,\u006b\u0320\u055a\u0077,\u006b\u0331\u02c8\u0077,\u006b\u0331\u0313\u0077,\u006b\u0331\u0312\u0077,\u006b\u0331\u0314\u0077,\u006b\u0331\u02bc\u0077,\u006b\u0331\u2019\u0077,\u006b\u0331\u055a\u0077"
ḵ̕w,\u006b\u0331\u0315\u0077,"k̲̕w,k̠̕w,k_̕w,ḵ̕w,k̲̕w,k̠̕w,k̕_w,ḵ̓w,k̲̓w,k̠̓w,k_̓w,ḵ̓w,k̲̓w,k̠̓w,k̓_w","\u006b\u0332\u0315\u0077,\u006b\u0320\u0315\u0077,\u006b\u005f\u0315\u0077,\u006b\u0315\u0331\u0077,\u006b\u0315\u0332\u0077,\u006b\u0315\u0320\u0077,\u006b\u0315\u005f\u0077,\u006b\u0331\u0313\u0077,\u006b\u0332\u0313\u0077,\u006b\u0320\u0313\u0077,\u006b\u005f\u0313\u0077,\u006b\u0313\u0331\u0077,\u006b\u0313\u0332\u0077,\u006b\u0313\u0320\u0077,\u006b\u0313\u005f\u0077"
kw',\u006b\u0077\u0027,"kwʼ,kw̓,kw̒,kw̕,kw＇,kw̔,kw’,kwˈ,kw՚","\u006b\u0077\u02bc,\u006b\u0077\u0313,\u006b\u0077\u0312,\u006b\u0077\u0315,\u006b\u0077\uff07,\u006b\u0077\u0314,\u006b\u0077\u2019,\u006b\u0077\u02c8,\u006b\u0077\u055a"
kw’,\u006b\u0077\u2019,"kwʼ,kw̓,kw̒,kw̕,kw＇,kw̔,kw',kwˈ,kw՚","\u006b\u0077\u02bc,\u006b\u0077\u0313,\u006b\u0077\u0312,\u006b\u0077\u0315,\u006b\u0077\uff07,\u006b\u0077\u0314,\u006b\u0077\u0027,\u006b\u0077\u02c8,\u006b\u0077\u055a"
kwˈ,\u006b\u0077\u02c8,"kw＇,kw',kw̓,kw̕,kw̒,kw̔,kwʼ,kw’,kw՚","\u006b\u0077\uff07,\u006b\u0077\u0027,\u006b\u0077\u0313,\u006b\u0077\u0315,\u006b\u0077\u0312,\u006b\u0077\u0314,\u006b\u0077\u02bc,\u006b\u0077\u2019,\u006b\u0077\u055a"
kʸ,\u006b\u02b8,,
ky,\u006b\u0079,,
k̓ʸ,\u006b\u0313\u02b8,"k̒ʸ,k̍ʸ,k̔ʸ,k̕ʸ","\u006b\u0312\u02b8,\u006b\u030d\u02b8,\u006b\u0314\u02b8,\u006b\u0315\u02b8"
kʼ,\u006b\u02bc,"k̓,k̕,k',kˈ,k＇,k’,k՚","\u006b\u0313,\u006b\u0315,\u006b\u0027,\u006b\u02c8,\u006b\uff07,\u006b\u2019,\u006b\u055a"
kʼw,\u006b\u02bc\u0077,"k՚w,k'w,kˈw,k＇w,k’w,k̓w","\u006b\u055a\u0077,\u006b\u0027\u0077,\u006b\u02c8\u0077,\u006b\uff07\u0077,\u006b\u2019\u0077,\u006b\u0313\u0077"
kʼʷ,\u006b\u02bc\u02b7,"k̓ʷ,k’ʷ,kˈʷ,k՚ʷ,k＇ʷ,k'ʷ","\u006b\u0313\u02b7,\u006b\u2019\u02b7,\u006b\u02c8\u02b7,\u006b\u055a\u02b7,\u006b\uff07\u02b7,\u006b\u0027\u02b7"
l,\u006c,,
L,\u004c,,
l̲,\u006c\u0332,"l̠,ḻ","\u006c\u0320,\u006c\u0331"
l̓,\u006c\u0313,"l̍,l̒,l̔,l̕","\u006c\u030d,\u006c\u0312,\u006c\u0314,\u006c\u0315"
ĺ,\u013a,ĺ,\u006c\u0301
l̀,\u006c\u0300,Ì,\u00cc
ľ,\u013e,ľ,\u006c\u030c
l̕,\u006c\u0315,"lʼ,l̔,lˈ,l’,l՚","\u006c\u02bc,\u006c\u0314,\u006c\u02c8,\u006c\u2019,\u006c\u055a"
ḷ,\u006c\u0323,,
ḷ,\u1e37,ḷ,\u006c\u0323
ḷ̓,\u1e37\u0313,"ḷˈ,ḷ̕,ḷ̒,ḷ̔,ḷʼ,ḷ’,ḷ՚,ḷˈ,ḷ̕,ḷ̒,ḷ̔,ḷʼ,ḷ’,ḷ՚","\u1e37\u02c8,\u1e37\u0315,\u1e37\u0312,\u1e37\u0314,\u1e37\u02bc,\u1e37\u2019,\u1e37\u055a,\u006c\u0323\u02c8,\u006c\u0323\u0315,\u006c\u0323\u0312,\u006c\u0323\u0314,\u006c\u0323\u02bc,\u006c\u0323\u2019,\u006c\u0323\u055a"
ḷ́,\u1e37\u0301,ḷ́,\u006c\u0323\u0301
ł,\u0142,"l̸,l̷","\u006c\u0338,\u006c\u0337"
Ł,\u0141,"L̸,L̷","\u004c\u0338,\u004c\u0337"
L̵,\u004c\u0335,L̶,\u004c\u0336
lh,\u006c\u0068,,
ll,\u006c\u006c,,
lly,\u006c\u006c\u0079,,
ly,\u006c\u0079,,
lʼ,\u006c\u02bc,"l̒,l̓,l̔,l̕,lˈ,l’,l՚","\u006c\u0312,\u006c\u0313,\u006c\u0314,\u006c\u0315,\u006c\u02c8,\u006c\u2019,\u006c\u055a"
ɫ,\u026b,,
ɬ,\u026c,l̵,\u006c\u0335
ƛ,\u019b,"λ̸,λ̷","\u03bb\u0338,\u03bb\u0337"
ƛ̓,\u019b\u0313,"ƛ̍,λ̸̕,λ̷̔,ƛ̒,λ̷̕,λ̷̒,ƛ̔,λ̸̔,λ̷̓,ƛ̕,λ̸̒,λ̸̍,λ̷̍","\u019b\u030d,\u03bb\u0338\u0315,\u03bb\u0337\u0314,\u019b\u0312,\u03bb\u0337\u0315,\u03bb\u0337\u0312,\u019b\u0314,\u03bb\u0338\u0314,\u03bb\u0337\u0313,\u019b\u0315,\u03bb\u0338\u0312,\u03bb\u0338\u030d,\u03bb\u0337\u030d"
ƛ́,\u019b\u0301,,
ƛ̕,\u019b\u0315,"ƛʼ,ƛ̍,ƛ̒,ƛ̓,ƛ̔,ƛ’,ƛ՚","\u019b\u02bc,\u019b\u030d,\u019b\u0312,\u019b\u0313,\u019b\u0314,\u019b\u2019,\u019b\u055a"
ƛʼ,\u019b\u02bc,"ƛˈ,ƛ̕,ƛ̒,ƛ̔,ƛ̓,ƛ’,ƛ՚","\u019b\u02c8,\u019b\u0315,\u019b\u0312,\u019b\u0314,\u019b\u0313,\u019b\u2019,\u019b\u055a"
m,\u006d,,
M,\u004d,,
m̓,\u006d\u0313,"m̍,m̒,m̔,m̕","\u006d\u030d,\u006d\u0312,\u006d\u0314,\u006d\u0315"
m̕,\u006d\u0315,"m̍,m̒,m̔,m̓","\u006d\u030d,\u006d\u0312,\u006d\u0314,\u006d\u0313"
ṃ,\u1e43,ṃ,\u006d\u0323
ṃ̓,\u1e43\u0313,"ṃ̓,ṃˈ,ṃ̕,ṃ̒,ṃ̔,ṃʼ,ṃ’,ṃ՚,ṃˈ,ṃ̕,ṃ̒,ṃ̔,ṃʼ,ṃ’","\u006d\u0323\u0313,\u006d\u0323\u02c8,\u006d\u0323\u0315,\u006d\u0323\u0312,\u006d\u0323\u0314,\u006d\u0323\u02bc,\u006d\u0323\u2019,\u006d\u0323\u055a,\u1e43\u02c8,\u1e43\u0315,\u1e43\u0312,\u1e43\u0314,\u1e43\u02bc,\u1e43\u2019"
ṃ́,\u1e43\u0301,ṃ́,\u006d\u0323\u0301
mb,\u006d\u0062,,
mʼ,\u006d\u02bc,"m̓,m̕,m̒,m̔,m’,mˈ,m՚,m＇,m'","\u006d\u0313,\u006d\u0315,\u006d\u0312,\u006d\u0314,\u006d\u2019,\u006d\u02c8,\u006d\u055a,\u006d\uff07,\u006d\u0027"
n,\u006e,,
N,\u004e,,
n̓,\u006e\u0313,"n̒,n̔,n̕,n̍","\u006e\u0312,\u006e\u0314,\u006e\u0315,\u006e\u030d"
ñ,\u00f1,"ñ,n̴","\u006e\u0303,\u006e\u0334"
n̕,\u006e\u0315,"nˈ,n̓,n̒,n̔,nʼ,n’,n՚","\u006e\u02c8,\u006e\u0313,\u006e\u0312,\u006e\u0314,\u006e\u02bc,\u006e\u2019,\u006e\u055a"
ṇ,\u1e47,ṇ,\u006e\u0323
ṇ̓,\u1e47\u0313,"ṇˈ,ṇ̕,ṇ̒,ṇ̔,ṇʼ,ṇ’,ṇ՚,ṇˈ,ṇ̕,ṇ̒,ṇ̔,ṇʼ,ṇ’","\u006e\u0323\u02c8,\u006e\u0323\u0315,\u006e\u0323\u0312,\u006e\u0323\u0314,\u006e\u0323\u02bc,\u006e\u0323\u2019,\u006e\u0323\u055a,\u1e47\u02c8,\u1e47\u0315,\u1e47\u0312,\u1e47\u0314,\u1e47\u02bc,\u1e47\u2019"
ṇ́,\u1e47\u0301,ṇ́,\u006e\u0323\u0301
Ṉ,\u1e48,"N̲,N̠,N_,Ṉ","\u004e\u0332,\u004e\u0320,\u004e\u005f,\u004e\u0331"
nd,\u006e\u0064,,
ng,\u006e\u0067,,
ng.,\u006e\u0067\u002e,,
nh,\u006e\u0068,,
nj,\u006e\u006a,,
nn,\u006e\u006e,,
ny,\u006e\u0079,,
nʼ,\u006e\u02bc,"nˈ,n̕,n̒,n̔,n̓,n’,n՚","\u006e\u02c8,\u006e\u0315,\u006e\u0312,\u006e\u0314,\u006e\u0313,\u006e\u2019,\u006e\u055a"
ŋ,\u014b,ɲ,\u0272
o,\u006f,,
O,\u004f,,
ó,\u00f3,ó,\u006f\u0301
Ó,\u00d3,Ó,\u004f\u0301
ó,\u006f\u0301,,
ò,\u00f2,ò,\u006f\u0300
ô,\u00f4,ô,\u006f\u0302
ǒ,\u01d2,ǒ,\u006f\u030c
ö,\u00f6,ö,\u006f\u0308
ǫ,\u01eb,ǫ,\u006f\u0328
Ǫ,\u01ea,Ǫ,\u004f\u0328
ǫ́,\u01eb\u0301,ǫ́,\u00f3\u0328
Ǫ́,\u01ea\u0301,Ǫ́,\u00d3\u0328
ǫ̀,\u01eb\u0300,ǫ̀,\u00f2\u0328
ǫ̂,\u01eb\u0302,ǫ̂,\u00f4\u0328
ǫ̌,\u01eb\u030c,ǫ̌,\u01d2\u0328
ǭ,\u01ed,"ǭ,ǫ̅,ǫ︤,ǫ︥,ǫ¯,ǫ‾","\u006f\u0328\u0304,\u006f\u0328\u0305,\u006f\u0328\ufe24,\u006f\u0328\ufe25,\u006f\u0328\u00af,\u006f\u0328\u203e"
ǭ́,\u01ed\u0301,"ǭ́,ǫ̅́,ǫ︤́,ǫ︥́","\u006f\u0328\u0304\u0301,\u006f\u0328\u0305\u0301,\u006f\u0328\ufe24\u0301,\u006f\u0328\ufe25\u0301"
ǭ̀,\u01ed\u0300,"ǫ︤̀,ǫ︥̀,ǫ̅̀,ǭ̀","\u006f\u0328\ufe24\u0300,\u006f\u0328\ufe25\u0300,\u006f\u0328\u0305\u0300,\u006f\u0328\u0304\u0300"
ō,\u014d,"ō,o̅,o︤,o︥,o¯,o‾","\u006f\u0304,\u006f\u0305,\u006f\ufe24,\u006f\ufe25,\u006f\u00af,\u006f\u203e"
ṓ,\u1e53,"ó̄,ó̅,ó︤,ó︥,ó¯,ó‾ṓ,o̅́,o︤́,o︥́,o¯́,o‾́","\u006f\u0301\u0304,\u006f\u0301\u0305,\u006f\u0301\ufe24,\u006f\u0301\ufe25,\u006f\u0301\u00af,\u006f\u0301\u203e\u006f\u0304\u0301,\u006f\u0305\u0301,\u006f\ufe24\u0301,\u006f\ufe25\u0301,\u006f\u00af\u0301,\u006f\u203e\u0301"
ṑ,\u1e51,"ò̄,ò̅,ò︤,ò︥,ò¯,ò‾,ṑ,o̅̀,o︤̀,o︥̀,o¯̀,o‾̀","\u006f\u0300\u0304,\u006f\u0300\u0305,\u006f\u0300\ufe24,\u006f\u0300\ufe25,\u006f\u0300\u00af,\u006f\u0300\u203e,\u006f\u0304\u0300,\u006f\u0305\u0300,\u006f\ufe24\u0300,\u006f\ufe25\u0300,\u006f\u00af\u0300,\u006f\u203e\u0300"
o̱,\u006f\u0331,"o̲,o̠","\u006f\u0332,\u006f\u0320"
o',\u006f\u0027,"o＇,o’,o̓,o̕,o̒,o̔,oʼ,o̍,o՚","\u006f\uff07,\u006f\u2019,\u006f\u0313,\u006f\u0315,\u006f\u0312,\u006f\u0314,\u006f\u02bc,\u006f\u030d,\u006f\u055a"
o’,\u006f\u2019,"o＇,o',o̓,o̕,o̒,o̔,oʼ,o̍,o՚","\u006f\uff07,\u006f\u0027,\u006f\u0313,\u006f\u0315,\u006f\u0312,\u006f\u0314,\u006f\u02bc,\u006f\u030d,\u006f\u055a"
oˈo,\u006f\u02c8\u006f,"o＇o,o’o,o̕o,oʼo,o'o,o՚o","\u006f\uff07\u006f,\u006f\u2019\u006f,\u006f\u0315\u006f,\u006f\u02bc\u006f,\u006f\u0027\u006f,\u006f\u055a\u006f"
Œ,\u0152,,
oo,\u006f\u006f,,
óo,\u00f3\u006f,óo,\u006f\u0301\u006f
òò,\u00f2\u00f2,,
ǫǫ,\u01eb\u01eb,ǫǫ,\u006f\u0328\u006f\u0328
ǫ̀ǫ̀,\u01eb\u0300\u01eb\u0300,ǫ̀ǫ̀,\u006f\u0328\u0300\u006f\u0328\u0300
ōo,\u014d\u006f,"ōo,o̅o,o︤o,o︥o","\u006f\u0304\u006f,\u006f\u0305\u006f,\u006f\ufe24\u006f,\u006f\ufe25\u006f"
o̱o̱,\u006f\u0331\u006f\u0331,"o̲o̲,o̠o̲,o̲o̠,o̠o̠,o̱o̠,o̠o̱,o̱o̲,o̲o̱","\u006f\u0332\u006f\u0332,\u006f\u0320\u006f\u0332,\u006f\u0332\u006f\u0320,\u006f\u0320\u006f\u0320,\u006f\u0331\u006f\u0320,\u006f\u0320\u006f\u0331,\u006f\u0331\u006f\u0332,\u006f\u0332\u006f\u0331"
oo’,\u006f\u006f\u2019,"oo̓,oo̕,ooʼ,ooˈ,oo՚,oo＇,oo'","\u006f\u006f\u0313,\u006f\u006f\u0315,\u006f\u006f\u02bc,\u006f\u006f\u02c8,\u006f\u006f\u055a,\u006f\u006f\uff07,\u006f\u006f\u0027"
ooy,\u006f\u006f\u0079,,
ou,\u006f\u0075,,
ow,\u006f\u0077,,
ōw,\u014d\u0077,"ōw,o̅w,o︤w,o︥w,o¯w,o‾w","\u006f\u0304\u0077,\u006f\u0305\u0077,\u006f\ufe24\u0077,\u006f\ufe25\u0077,\u006f\u00af\u0077,\u006f\u203e\u0077"
oy,\u006f\u0079,,
ōy,\u014d\u0079,"ōy,o̅y,o︤y,o︥y,o¯y,o‾y","\u006f\u0304\u0079,\u006f\u0305\u0079,\u006f\ufe24\u0079,\u006f\ufe25\u0079,\u006f\u00af\u0079,\u006f\u203e\u0079"
ɔ,\u0254,ᴐ,\u1d10
ɔy,\u0254\u0079,ᴐy,\u1d10\u0079
Ɵ,\u019f,"O̵,O̶","\u004f\u0335,\u004f\u0336"
p,\u0070,,
P,\u0050,,
p̓,\u0070\u0313,"p̒,p̔,p̕,p̍","\u0070\u0312,\u0070\u0314,\u0070\u0315,\u0070\u030d"
ṕ,\u1e55,,
p̕,\u0070\u0315,"p̒,p̔,p̓,p̍","\u0070\u0312,\u0070\u0314,\u0070\u0313,\u0070\u030d"
p',\u0070\u0027,"p̒,p̓,p̔,p̕,p＇,p’,p՚,pʼ,p̍","\u0070\u0312,\u0070\u0313,\u0070\u0314,\u0070\u0315,\u0070\uff07,\u0070\u2019,\u0070\u055a,\u0070\u02bc,\u0070\u030d"
p’,\u0070\u2019,"p̒,p̓,p̔,p̕,p',p̍","\u0070\u0312,\u0070\u0313,\u0070\u0314,\u0070\u0315,\u0070\u0027,\u0070\u030d"
pˈ,\u0070\u02c8,"p̒,p̔,p̓,p̕,p̍,p',p’","\u0070\u0312,\u0070\u0314,\u0070\u0313,\u0070\u0315,\u0070\u030d,\u0070\u0027,\u0070\u2019"
pʼ,\u0070\u02bc,"p̒,p̓,p̔,p̕,p',p’,p̍","\u0070\u0312,\u0070\u0313,\u0070\u0314,\u0070\u0315,\u0070\u0027,\u0070\u2019,\u0070\u030d"
q,\u0071,,
Q,\u0051,,
q̓,\u0071\u0313,"q̒,q̔,q̕,q̍","\u0071\u0312,\u0071\u0314,\u0071\u0315,\u0071\u030d"
q̕,\u0071\u0315,"q̒,q̔,q̓,q̍","\u0071\u0312,\u0071\u0314,\u0071\u0313,\u0071\u030d"
q',\u0071\u0027,"q＇,q’,q՚,qʼ","\u0071\uff07,\u0071\u2019,\u0071\u055a,\u0071\u02bc"
q’,\u0071\u2019,"q',q＇,q՚,qʼ","\u0071\u0027,\u0071\uff07,\u0071\u055a,\u0071\u02bc"
q°,\u0071\u00b0,,
q̓°,\u0071\u0313\u00b0,,
qv,\u0071\u0076,,
q̓v,\u0071\u0313\u0076,"q̒v,q̔v,q̕v,q̍v","\u0071\u0312\u0076,\u0071\u0314\u0076,\u0071\u0315\u0076,\u0071\u030d\u0076"
qw,\u0071\u0077,,
qʷ,\u0071\u02b7,,
q̓ʷ,\u0071\u0313\u02b7,"q̕ʷ,q̒ʷ,q̔ʷ,q̍ʷ","\u0071\u0315\u02b7,\u0071\u0312\u02b7,\u0071\u0314\u02b7,\u0071\u030d\u02b7"
q̓w,\u0071\u0313\u0077,"q̕w,q̒w,q̔w,q̍w","\u0071\u0315\u0077,\u0071\u0312\u0077,\u0071\u0314\u0077,\u0071\u030d\u0077"
q̕ʷ,\u0071\u0315\u02b7,"q̒ʷ,q̔ʷ,q̓ʷ,q̍ʷ","\u0071\u0312\u02b7,\u0071\u0314\u02b7,\u0071\u0313\u02b7,\u0071\u030d\u02b7"
qw',\u0071\u0077\u0027,"qw’,qw＇,qw՚,qwʼ","\u0071\u0077\u2019,\u0071\u0077\uff07,\u0071\u0077\u055a,\u0071\u0077\u02bc"
qw’,\u0071\u0077\u2019,"qw',qw＇,qw՚,qwʼ","\u0071\u0077\u0027,\u0071\u0077\uff07,\u0071\u0077\u055a,\u0071\u0077\u02bc"
qʼ,\u0071\u02bc,"q̓,q̕,q',qˈ,q＇,q’,q՚","\u0071\u0313,\u0071\u0315,\u0071\u0027,\u0071\u02c8,\u0071\uff07,\u0071\u2019,\u0071\u055a"
qʼʷ,\u0071\u02bc\u02b7,"q'ʷ,q̕ʷ,q＇ʷ,qˈʷ,q̓ʷ,q’ʷ,q՚ʷ","\u0071\u0027\u02b7,\u0071\u0315\u02b7,\u0071\uff07\u02b7,\u0071\u02c8\u02b7,\u0071\u0313\u02b7,\u0071\u2019\u02b7,\u0071\u055a\u02b7"
r,\u0072,,
r̓,\u0072\u0313,"r̕,rʼ","\u0072\u0315,\u0072\u02bc"
r̕,\u0072\u0315,"r̓,rʼ","\u0072\u0313,\u0072\u02bc"
rh,\u0072\u0068,,
Rr,\u0052\u0072,,
rr,\u0072\u0072,,
rʼ,\u0072\u02bc,"r̓,r̕","\u0072\u0313,\u0072\u0315"
s,\u0073,,
S,\u0053,,
s̲,\u0073\u0332,"s̠,s̱","\u0073\u0320,\u0073\u0331"
Ś,\u015a,Ś,\u0053\u0301
ŝ,\u015d,ŝ,\u0073\u0302
š,\u0161,š,\u0073\u030c
š,\u0073\u030c,,
ṣ,\u0073\u0323,,
s̱,\u0073\u0331,"s̲,s̠,s_","\u0073\u0332,\u0073\u0320,\u0073\u005f"
sh,\u0073\u0068,,
s̷h,\u0073\u0337\u0068,s̸h,\u0073\u0338\u0068
shxw,\u0073\u0068\u0078\u0077,,
sr,\u0073\u0072,,
t,\u0074,,
T,\u0054,,
t̓,\u0074\u0313,"t̔,t̕,t̍,t̒","\u0074\u0314,\u0074\u0315,\u0074\u030d,\u0074\u0312"
t́,\u0074\u0301,,
T̸,\u0054\u0338,T̷,\u0054\u0337
t̕,\u0074\u0315,"t̔,t’,t՚,tʼ,t̍,t̒,t̓","\u0074\u0314,\u0074\u2019,\u0074\u055a,\u0074\u02bc,\u0074\u030d,\u0074\u0312,\u0074\u0313"
Ṯ,\u1e6e,"T̲,T̠,T_,Ṯ","\u0054\u0332,\u0054\u0320,\u0054\u005f,\u0054\u0331"
t',\u0074\u0027,"t̔,t̕,t＇,tˈ,t’,t՚,tʼ,t̒,t̓","\u0074\u0314,\u0074\u0315,\u0074\uff07,\u0074\u02c8,\u0074\u2019,\u0074\u055a,\u0074\u02bc,\u0074\u0312,\u0074\u0313"
t’,\u0074\u2019,"t̔,t̕,t＇,t',tˈ,t՚,tʼ,t̒,t̓","\u0074\u0314,\u0074\u0315,\u0074\uff07,\u0074\u0027,\u0074\u02c8,\u0074\u055a,\u0074\u02bc,\u0074\u0312,\u0074\u0313"
tˈ,\u0074\u02c8,"t̔,t̕,t＇,t',t՚,tʼ,t̒,t̓","\u0074\u0314,\u0074\u0315,\u0074\uff07,\u0074\u0027,\u0074\u055a,\u0074\u02bc,\u0074\u0312,\u0074\u0313"
th,\u0074\u0068,,
t̓h,\u0074\u0313\u0068,,
th',\u0074\u0068\u0027,"th＇,th’,thʼ,th՚","\u0074\u0068\uff07,\u0074\u0068\u2019,\u0074\u0068\u02bc,\u0074\u0068\u055a"
tj,\u0074\u006a,,
tl,\u0074\u006c,,
tl̕,\u0074\u006c\u0315,"tlˈ,tl̓,tl̒,tl̔,tlʼ,tl’,tl՚","\u0074\u006c\u02c8,\u0074\u006c\u0313,\u0074\u006c\u0312,\u0074\u006c\u0314,\u0074\u006c\u02bc,\u0074\u006c\u2019,\u0074\u006c\u055a"
tł,\u0074\u0142,"tl̸,tl̷","\u0074\u006c\u0338,\u0074\u006c\u0337"
t́ł,\u0074\u0301\u0142,,
t̕ł,\u0074\u0315\u0142,"t̔ł,tʼl̸,t̔l̷,t̕l̷,t̔l̸,tʼl̷,t̕l̸,t’ł,tʼł,t՚l̷,t՚l̸,t’l̸,t’l̷,t՚ł","\u0074\u0314\u0142,\u0074\u02bc\u006c\u0338,\u0074\u0314\u006c\u0337,\u0074\u0315\u006c\u0337,\u0074\u0314\u006c\u0338,\u0074\u02bc\u006c\u0337,\u0074\u0315\u006c\u0338,\u0074\u2019\u0142,\u0074\u02bc\u0142,\u0074\u055a\u006c\u0337,\u0074\u055a\u006c\u0338,\u0074\u2019\u006c\u0338,\u0074\u2019\u006c\u0337,\u0074\u055a\u0142"
tl',\u0074\u006c\u0027,"tl’,tlˈ,tl՚,tlʼ,tl̓,tl̒,tl̕,tl＇,tl̔","\u0074\u006c\u2019,\u0074\u006c\u02c8,\u0074\u006c\u055a,\u0074\u006c\u02bc,\u0074\u006c\u0313,\u0074\u006c\u0312,\u0074\u006c\u0315,\u0074\u006c\uff07,\u0074\u006c\u0314"
tł',\u0074\u0142\u0027,"tł＇,tł’,tł̕,tł̒,tł̔,tłʼ,tłˈ,tł՚","\u0074\u0142\uff07,\u0074\u0142\u2019,\u0074\u0142\u0315,\u0074\u0142\u0312,\u0074\u0142\u0314,\u0074\u0142\u02bc,\u0074\u0142\u02c8,\u0074\u0142\u055a"
tl’,\u0074\u006c\u2019,"tlˈ,tl՚,tlʼ,tl̓,tl̒,tl̕,tl＇,tl̔,tl'","\u0074\u006c\u02c8,\u0074\u006c\u055a,\u0074\u006c\u02bc,\u0074\u006c\u0313,\u0074\u006c\u0312,\u0074\u006c\u0315,\u0074\u006c\uff07,\u0074\u006c\u0314,\u0074\u006c\u0027"
tł’,\u0074\u0142\u2019,"tł＇,tł',tł̕,tł̒,tł̔,tłʼ,tłˈ,tł՚","\u0074\u0142\uff07,\u0074\u0142\u0027,\u0074\u0142\u0315,\u0074\u0142\u0312,\u0074\u0142\u0314,\u0074\u0142\u02bc,\u0074\u0142\u02c8,\u0074\u0142\u055a"
tll,\u0074\u006c\u006c,,
tlʼ,\u0074\u006c\u02bc,"tl’,tlˈ,tl՚,tl̓,tl̒,tl̕,tl＇,tl̔,tl'","\u0074\u006c\u2019,\u0074\u006c\u02c8,\u0074\u006c\u055a,\u0074\u006c\u0313,\u0074\u006c\u0312,\u0074\u006c\u0315,\u0074\u006c\uff07,\u0074\u006c\u0314,\u0074\u006c\u0027"
tr,\u0074\u0072,,
trʼ,\u0074\u0072\u02bc,"tr̓,tr̕","\u0074\u0072\u0313,\u0074\u0072\u0315"
ts,\u0074\u0073,,
ʦ,\u02a6,ts,\u0074\u0073
ts̓,\u0074\u0073\u0313,"ts̒,ts̔,ts̕,tsˈ,ts՚,ts’,tsʼ","\u0074\u0073\u0312,\u0074\u0073\u0314,\u0074\u0073\u0315,\u0074\u0073\u02c8,\u0074\u0073\u055a,\u0074\u0073\u2019,\u0074\u0073\u02bc"
tŝ,\u0074\u015d,tŝ,\u0074\u0073\u0302
ts̕,\u0074\u0073\u0315,"tsˈ,ts̓,ts̒,ts̔,tsʼ,ts’,ts՚","\u0074\u0073\u02c8,\u0074\u0073\u0313,\u0074\u0073\u0312,\u0074\u0073\u0314,\u0074\u0073\u02bc,\u0074\u0073\u2019,\u0074\u0073\u055a"
ts̱,\u0074\u0073\u0331,"ts̲,ts̠,ts_","\u0074\u0073\u0332,\u0074\u0073\u0320,\u0074\u0073\u005f"
t̲s̲,\u0074\u0332\u0073\u0332,"t̠s̠,ṯs̠,t̠s̱,ṯs̱","\u0074\u0320\u0073\u0320,\u0074\u0331\u0073\u0320,\u0074\u0320\u0073\u0331,\u0074\u0331\u0073\u0331"
t́s,\u0074\u0301\u0073,,
t̕s,\u0074\u0315\u0073,"t̔s,tʼs,t’s,t՚s","\u0074\u0314\u0073,\u0074\u02bc\u0073,\u0074\u2019\u0073,\u0074\u055a\u0073"
ṯs̲,\u1e6f\u0073\u0332,"t̲s̲,ṯs̠","\u0074\u0332\u0073\u0332,\u0074\u0331\u0073\u0320"
ts',\u0074\u0073\u0027,"ts̒,ts̔,ts̓,ts̕,tsˈ,ts՚,ts＇,ts’,tsʼ","\u0074\u0073\u0312,\u0074\u0073\u0314,\u0074\u0073\u0313,\u0074\u0073\u0315,\u0074\u0073\u02c8,\u0074\u0073\u055a,\u0074\u0073\uff07,\u0074\u0073\u2019,\u0074\u0073\u02bc"
ts’,\u0074\u0073\u2019,"ts̒,ts̔,ts̓,ts̕,tsˈ,ts',ts՚,ts＇,tsʼ","\u0074\u0073\u0312,\u0074\u0073\u0314,\u0074\u0073\u0313,\u0074\u0073\u0315,\u0074\u0073\u02c8,\u0074\u0073\u0027,\u0074\u0073\u055a,\u0074\u0073\uff07,\u0074\u0073\u02bc"
tŝ’,\u0074\u015d\u2019,"tŝ＇,tŝ',tŝ̓,tŝ̕,tŝ̒,tŝ̔,tŝʼ,tŝˈ,tŝ՚","\u0074\u015d\uff07,\u0074\u015d\u0027,\u0074\u015d\u0313,\u0074\u015d\u0315,\u0074\u015d\u0312,\u0074\u015d\u0314,\u0074\u015d\u02bc,\u0074\u015d\u02c8,\u0074\u015d\u055a"
ts̱’,\u0074\u0073\u0331\u2019,"ts̱',ts̱ʼ,ts̱՚,ts̱＇,ts̲',ts̲ʼ,ts̲՚,ts̲＇,ts̠',ts̠ʼ,ts̠՚,ts̠＇,ts_',ts_ʼ,ts_՚,ts_＇","\u0074\u0073\u0331\u0027,\u0074\u0073\u0331\u02bc,\u0074\u0073\u0331\u055a,\u0074\u0073\u0331\uff07,\u0074\u0073\u0332\u0027,\u0074\u0073\u0332\u02bc,\u0074\u0073\u0332\u055a,\u0074\u0073\u0332\uff07,\u0074\u0073\u0320\u0027,\u0074\u0073\u0320\u02bc,\u0074\u0073\u0320\u055a,\u0074\u0073\u0320\uff07,\u0074\u0073\u005f\u0027,\u0074\u0073\u005f\u02bc,\u0074\u0073\u005f\u055a,\u0074\u0073\u005f\uff07"
t̲s̲’,\u0074\u0332\u0073\u0332\u2019,"t̲s̲̕,ṯs̠＇,t̲s̲՚,ṯs̠',ṯs̠ˈ,t̲s̲ʼ,ṯs̠՚,ṯs̠ʼ,t̲s̲̒,t̲s̲̓,t̲s̲̔,ṯs̠̒,ṯs̠̓,t̲s̲',ṯs̠̔,t̲s̲ˈ,t̲s̲＇,ṯs̠̕,ṯs̠’","\u0074\u0332\u0073\u0332\u0315,\u0074\u0331\u0073\u0320\uff07,\u0074\u0332\u0073\u0332\u055a,\u0074\u0331\u0073\u0320\u0027,\u0074\u0331\u0073\u0320\u02c8,\u0074\u0332\u0073\u0332\u02bc,\u0074\u0331\u0073\u0320\u055a,\u0074\u0331\u0073\u0320\u02bc,\u0074\u0332\u0073\u0332\u0312,\u0074\u0332\u0073\u0332\u0313,\u0074\u0332\u0073\u0332\u0314,\u0074\u0331\u0073\u0320\u0312,\u0074\u0331\u0073\u0320\u0313,\u0074\u0332\u0073\u0332\u0027,\u0074\u0331\u0073\u0320\u0314,\u0074\u0332\u0073\u0332\u02c8,\u0074\u0332\u0073\u0332\uff07,\u0074\u0331\u0073\u0320\u0315,\u0074\u0331\u0073\u0320\u2019"
ṯs̲’,\u1e6f\u0073\u0332\u2019,"t̲s̲’,ṯs̠’,t̲s̲̓,t̲s̲̕,t̲s̲̒,t̲s̲̔,t̲s̲ʼ,t̲s̲ˈ,t̲s̲՚,t̲s̲＇,t̲s̲',ṯs̠̓,ṯs̠̕,ṯs̠̒,ṯs̠̔,ṯs̠ʼ,ṯs̠ˈ,ṯs̠՚,ṯs̠＇,ṯs̠'","\u0074\u0332\u0073\u0332\u2019,\u0074\u0331\u0073\u0320\u2019,\u0074\u0332\u0073\u0332\u0313,\u0074\u0332\u0073\u0332\u0315,\u0074\u0332\u0073\u0332\u0312,\u0074\u0332\u0073\u0332\u0314,\u0074\u0332\u0073\u0332\u02bc,\u0074\u0332\u0073\u0332\u02c8,\u0074\u0332\u0073\u0332\u055a,\u0074\u0332\u0073\u0332\uff07,\u0074\u0332\u0073\u0332\u0027,\u0074\u0331\u0073\u0320\u0313,\u0074\u0331\u0073\u0320\u0315,\u0074\u0331\u0073\u0320\u0312,\u0074\u0331\u0073\u0320\u0314,\u0074\u0331\u0073\u0320\u02bc,\u0074\u0331\u0073\u0320\u02c8,\u0074\u0331\u0073\u0320\u055a,\u0074\u0331\u0073\u0320\uff07,\u0074\u0331\u0073\u0320\u0027"
tsˈ,\u0074\u0073\u02c8,"ts̒,ts̔,ts̓,ts̕,ts՚,ts’,tsʼ","\u0074\u0073\u0312,\u0074\u0073\u0314,\u0074\u0073\u0313,\u0074\u0073\u0315,\u0074\u0073\u055a,\u0074\u0073\u2019,\u0074\u0073\u02bc"
tsʼ,\u0074\u0073\u02bc,"ts̒,ts̔,ts̓,ts̕,tsˈ,ts՚,ts’","\u0074\u0073\u0312,\u0074\u0073\u0314,\u0074\u0073\u0313,\u0074\u0073\u0315,\u0074\u0073\u02c8,\u0074\u0073\u055a,\u0074\u0073\u2019"
tt,\u0074\u0074,,
tth,\u0074\u0074\u0068,,
tth',\u0074\u0074\u0068\u0027,"tthʼ,tth՚,tthˈ,tth’,tth＇,tth̔,tth̕,tth̒,tth̓","\u0074\u0074\u0068\u02bc,\u0074\u0074\u0068\u055a,\u0074\u0074\u0068\u02c8,\u0074\u0074\u0068\u2019,\u0074\u0074\u0068\uff07,\u0074\u0074\u0068\u0314,\u0074\u0074\u0068\u0315,\u0074\u0074\u0068\u0312,\u0074\u0074\u0068\u0313"
tth’,\u0074\u0074\u0068\u2019,"tthʼ,tth՚,tthˈ,tth＇,tth',tth̔,tth̕,tth̒,tth̓","\u0074\u0074\u0068\u02bc,\u0074\u0074\u0068\u055a,\u0074\u0074\u0068\u02c8,\u0074\u0074\u0068\uff07,\u0074\u0074\u0068\u0027,\u0074\u0074\u0068\u0314,\u0074\u0074\u0068\u0315,\u0074\u0074\u0068\u0312,\u0074\u0074\u0068\u0313"
tthʼ,\u0074\u0074\u0068\u02bc,"tth՚,tthˈ,tth’,tth＇,tth',tth̔,tth̕,tth̒,tth̓","\u0074\u0074\u0068\u055a,\u0074\u0074\u0068\u02c8,\u0074\u0074\u0068\u2019,\u0074\u0074\u0068\uff07,\u0074\u0074\u0068\u0027,\u0074\u0074\u0068\u0314,\u0074\u0074\u0068\u0315,\u0074\u0074\u0068\u0312,\u0074\u0074\u0068\u0313"
tʼ,\u0074\u02bc,"t̔,t̕,t＇,t',tˈ,t’,t՚,t̒,t̓","\u0074\u0314,\u0074\u0315,\u0074\uff07,\u0074\u0027,\u0074\u02c8,\u0074\u2019,\u0074\u055a,\u0074\u0312,\u0074\u0313"
tᶿ,\u0074\u1dbf,,
t̓ᶿ,\u0074\u0313\u1dbf,"t̒ᶿ,t̍ᶿ,t̕ᶿ,t̔ᶿ","\u0074\u0312\u1dbf,\u0074\u030d\u1dbf,\u0074\u0315\u1dbf,\u0074\u0314\u1dbf"
t̕ᶿ,\u0074\u0315\u1dbf,"t̓ᶿ,t̔ᶿ,t̒ᶿ,t̍ᶿ","\u0074\u0313\u1dbf,\u0074\u0314\u1dbf,\u0074\u0312\u1dbf,\u0074\u030d\u1dbf"
Ŧ,\u0166,"T̵,T̶","\u0054\u0335,\u0054\u0336"
u,\u0075,,
U,\u0055,,
u̲,\u0075\u0332,"u̠,u̱","\u0075\u0320,\u0075\u0331"
u̓,\u0075\u0313,"uˈ,u̕,u̒,u̔,uʼ,u’,u՚","\u0075\u02c8,\u0075\u0315,\u0075\u0312,\u0075\u0314,\u0075\u02bc,\u0075\u2019,\u0075\u055a"
ú,\u00fa,ú,\u0075\u0301
Ú,\u00da,Ú,\u0055\u0301
ú,\u0075\u0301,,
ù,\u00f9,ù,\u0075\u0300
ŭ,\u016d,"ǔ,ǔ","\u01d4,\u0075\u030c"
û,\u00fb,û,\u0075\u0302
ǔ,\u01d4,ǔ,\u0075\u030c
ü,\u00fc,ü,\u0075\u0308
ų,\u0173,ų,\u0075\u0328
Ų,\u0172,Ų,\u0055\u0328
ų́,\u0173\u0301,ų́,\u0075\u0328\u0301
Ų́,\u0172\u0301,Ų́,\u0055\u0328\u0301
ų̀,\u0173\u0300,ų̀,\u0075\u0328\u0300
ų̂,\u0173\u0302,ų̂,\u0075\u0328\u0302
ų̌,\u0173\u030c,ų̌,\u0075\u0328\u030c
ų̈,\u0173\u0308,ų̈,\u0075\u0328\u0308
ų̄,\u0173\u0304,ų̄,\u0075\u0328\u0304
ų̄́,\u0173\u0304\u0301,ų̄́,\u0075\u0328\u0304\u0301
ų̄̀,\u0173\u0304\u0300,ų̄̀,\u0075\u0328\u0304\u0300
ū,\u016b,"ū,u̅,u︤,u︥,u¯,u‾","\u0075\u0304,\u0075\u0305,\u0075\ufe24,\u0075\ufe25,\u0075\u00af,\u0075\u203e"
ū́,\u016b\u0301,ū́,\u0075\u0304\u0301
ū̀,\u016b\u0300,ū̀,\u0075\u0304\u0300
u̱,\u0075\u0331,"u̲,u̠,u_","\u0075\u0332,\u0075\u0320,\u0075\u005f"
u:,\u0075\u003a,"u：,u꞉,u˸","\u0075\uff1a,\u0075\ua789,\u0075\u02f8"
u·,\u0075\u00b7,,
u',\u0075\u0027,"u＇,u’,u̓,u̕,u̒,u̔,uʼ,uˈ,u՚","\u0075\uff07,\u0075\u2019,\u0075\u0313,\u0075\u0315,\u0075\u0312,\u0075\u0314,\u0075\u02bc,\u0075\u02c8,\u0075\u055a"
u’,\u0075\u2019,"u＇,u',u̓,u̕,u̒,u̔,uʼ,uˈ,u՚","\u0075\uff07,\u0075\u0027,\u0075\u0313,\u0075\u0315,\u0075\u0312,\u0075\u0314,\u0075\u02bc,\u0075\u02c8,\u0075\u055a"
uˈu,\u0075\u02c8\u0075,"u＇u,u'u,u̕u,uʼu,u՚u","\u0075\uff07\u0075,\u0075\u0027\u0075,\u0075\u0315\u0075,\u0075\u02bc\u0075,\u0075\u055a\u0075"
üˈü,\u00fc\u02c8\u00fc,"ü＇ü,ü'ü,üʼü,ü՚ü,ü＇ü,ü'ü,üʼü,üˈü,ü՚ü","\u00fc\uff07\u00fc,\u00fc\u0027\u00fc,\u00fc\u02bc\u00fc,\u00fc\u055a\u00fc,\u0075\u0308\uff07\u0075\u0308,\u0075\u0308\u0027\u0075\u0308,\u0075\u0308\u02bc\u0075\u0308,\u0075\u0308\u02c8\u0075\u0308,\u0075\u0308\u055a\u0075\u0308"
uu,\u0075\u0075,,
úu,\u00fa\u0075,úu,\u0075\u0301\u0075
üü,\u00fc\u00fc,"üü,üü,üü","\u0075\u0308\u0075\u0308,\u0075\u0308\u00fc,\u00fc\u0075\u0308"
ūu,\u016b\u0075,"ūu,u̅u","\u0075\u0304\u0075,\u0075\u0305\u0075"
úw,\u00fa\u0077,úw,\u0075\u0301\u0077
uy,\u0075\u0079,,
ʊ,\u028a,,
v,\u0076,,
v́,\u0076\u0301,"v̍,v̓","\u0076\u030d,\u0076\u0313"
w,\u0077,,
W,\u0057,,
w̓,\u0077\u0313,"w̍,w̒,w̔,w̕","\u0077\u030d,\u0077\u0312,\u0077\u0314,\u0077\u0315"
ŵ,\u0175,ŵ,\u0077\u0302
ẅ,\u1e85,ẅ,\u1e85
w̕,\u0077\u0315,"wˈ,w̓,w̒,w̔,wʼ,w’,w՚","\u0077\u02c8,\u0077\u0313,\u0077\u0312,\u0077\u0314,\u0077\u02bc,\u0077\u2019,\u0077\u055a"
W̱,\u0057\u0331,"W̲,W̠,W_","\u0057\u0332,\u0057\u0320,\u0057\u005f"
w',\u0077\u0027,"w＇,w’,w̓,w̕,w̒,w̔,wʼ,wˈ,w՚","\u0077\uff07,\u0077\u2019,\u0077\u0313,\u0077\u0315,\u0077\u0312,\u0077\u0314,\u0077\u02bc,\u0077\u02c8,\u0077\u055a"
wą,\u0077\u0105,wą,\u0077\u0061\u0328
waa,\u0077\u0061\u0061,,
wąą,\u0077\u0105\u0105,"wąą,waą̨,wąą","\u0077\u0061\u0328\u0061\u0328,\u0077\u0061\u0105\u0328,\u0077\u0105\u0061\u0328"
we,\u0077\u0065,,
wea,\u0077\u0065\u0061,,
węą,\u0077\u0119\u0105,"węą,węą,węą","\u0077\u0065\u0328\u0061\u0328,\u0077\u0119\u0061\u0328,\u0077\u0065\u0328\u0105"
wh,\u0077\u0068,,
wi,\u0077\u0069,,
wii,\u0077\u0069\u0069,,
wʼ,\u0077\u02bc,"wˈ,w̕,w̒,w̔,w̓,w’,w՚","\u0077\u02c8,\u0077\u0315,\u0077\u0312,\u0077\u0314,\u0077\u0313,\u0077\u2019,\u0077\u055a"
x,\u0078,,
X,\u0058,,
x̌,\u0078\u030c,,
x̄,\u0078\u0304,"x̅,x︤,x︥,x¯,x‾","\u0078\u0305,\u0078\ufe24,\u0078\ufe25,\u0078\u00af,\u0078\u203e"
x̣,\u0078\u0323,,
x̱,\u0078\u0331,"x_,x̠,x̲","\u0078\u005f,\u0078\u0320,\u0078\u0332"
X̱,\u0058\u0331,"X̠,X̲,X_","\u0058\u0320,\u0058\u0332,\u0058\u005f"
x°,\u0078\u00b0,,
x̄°,\u0078\u0304\u00b0,"x̅°,x︤°,x︥°,x¯°,x‾°","\u0078\u0305\u00b0,\u0078\ufe24\u00b0,\u0078\ufe25\u00b0,\u0078\u00af\u00b0,\u0078\u203e\u00b0"
xv,\u0078\u0076,,
x̌v,\u0078\u030c\u0076,,
xw,\u0078\u0077,,
xʷ,\u0078\u02b7,,
xw̕,\u0078\u0077\u0315,"xwˈ,xw̓,xw̒,xw̔,xwʼ,xw’,xw՚","\u0078\u0077\u02c8,\u0078\u0077\u0313,\u0078\u0077\u0312,\u0078\u0077\u0314,\u0078\u0077\u02bc,\u0078\u0077\u2019,\u0078\u0077\u055a"
x̌ʷ,\u0078\u030c\u02b7,,
x̣ʷ,\u0078\u0323\u02b7,,
x̱w,\u0078\u0331\u0077,"x_w,x̠w,x̲w","\u0078\u005f\u0077,\u0078\u0320\u0077,\u0078\u0332\u0077"
y,\u0079,,
Y,\u0059,,
y̓,\u0079\u0313,"y̍,y̒,y̔,y̕","\u0079\u030d,\u0079\u0312,\u0079\u0314,\u0079\u0315"
ÿ,\u00ff,ÿ,\u0079\u0308
y̕,\u0079\u0315,"yˈ,y̓,y̒,y̔,yʼ,y’,y՚","\u0079\u02c8,\u0079\u0313,\u0079\u0312,\u0079\u0314,\u0079\u02bc,\u0079\u2019,\u0079\u055a"
yh,\u0079\u0068,,
yʼ,\u0079\u02bc,"yˈ,y̓,y̒,y̔,y̕,y’,y՚","\u0079\u02c8,\u0079\u0313,\u0079\u0312,\u0079\u0314,\u0079\u0315,\u0079\u2019,\u0079\u055a"
z,\u007a,,
Z,\u005a,,
z̲,\u007a\u0332,"z_,z̠,ẕ","\u007a\u005f,\u007a\u0320,\u007a\u0331"
z̓,\u007a\u0313,"z՚,zʼ,z̒,z̔,z̕,zˈ,z’","\u007a\u055a,\u007a\u02bc,\u007a\u0312,\u007a\u0314,\u007a\u0315,\u007a\u02c8,\u007a\u2019"
ẑ,\u1e91,ẑ,\u007a\u0302
ẕ,\u1e95,"z̲,z̠,z_,ẕ","\u007a\u0332,\u007a\u0320,\u007a\u005f,\u007a\u0331"
zh,\u007a\u0068,,
zr,\u007a\u0072,,
ʔ,\u0294,"ɂ,Ɂ,ॽ","\u0242,\u0241,\u097d"
ʔa,\u0294\u0061,"Ɂa,ɂa,ॽa","\u0241\u0061,\u0242\u0061,\u097d\u0061"
ʔaa,\u0294\u0061\u0061,"Ɂaa,ɂaa,ॽaa","\u0241\u0061\u0061,\u0242\u0061\u0061,\u097d\u0061\u0061"
ʔe,\u0294\u0065,"Ɂe,ɂe,ॽe","\u0241\u0065,\u0242\u0065,\u097d\u0065"
ʔee,\u0294\u0065\u0065,"Ɂee,ɂee,ॽee","\u0241\u0065\u0065,\u0242\u0065\u0065,\u097d\u0065\u0065"
ʔi,\u0294\u0069,"Ɂi,ɂi,ॽi","\u0241\u0069,\u0242\u0069,\u097d\u0069"
ʔii,\u0294\u0069\u0069,"Ɂii,ɂii,ॽii","\u0241\u0069\u0069,\u0242\u0069\u0069,\u097d\u0069\u0069"
ʔu,\u0294\u0075,"Ɂu,ɂu,ॽu","\u0241\u0075,\u0242\u0075,\u097d\u0075"
ʔuu,\u0294\u0075\u0075,"Ɂuu,ɂuu,ॽuu","\u0241\u0075\u0075,\u0242\u0075\u0075,\u097d\u0075\u0075"
ɂ,\u0242,"ˀ,ॽ","\u02c0,\u097d"
ˀ,\u02c0,,
ʼ,\u02bc," ̒, ̓, ̔, ̕,ˈ,’,՚","\u0312,\u0313,\u0314,\u0315,\u02c8,\u2019,\u055a"
ʕ,\u0295,,
ʕ̓,\u0295\u0313,"ʕˈ,ʕ̕,ʕ̒,ʕ̔,ʕʼ,ʕ’,ʕ՚","\u0295\u02c8,\u0295\u0315,\u0295\u0312,\u0295\u0314,\u0295\u02bc,\u0295\u2019,\u0295\u055a"
ʕ̕,\u0295\u0315,"ʕˈ,ʕ̓,ʕ̒,ʕ̔,ʕʼ,ʕ’,ʕ՚","\u0295\u02c8,\u0295\u0313,\u0295\u0312,\u0295\u0314,\u0295\u02bc,\u0295\u2019,\u0295\u055a"
ʕa,\u0295\u0061,,
ʕaa,\u0295\u0061\u0061,,
ʕe,\u0295\u0065,,
ʕee,\u0295\u0065\u0065,,
ʕi,\u0295\u0069,,
ʕii,\u0295\u0069\u0069,,
ʕu,\u0295\u0075,,
ʕuu,\u0295\u0075\u0075,,
ʕʷ,\u0295\u02b7,,
ʕ̓ʷ,\u0295\u0313\u02b7,"ʕˈʷ,ʕ̕ʷ,ʕ̒ʷ,ʕ̔ʷ,ʕʼʷ,ʕ’ʷ,ʕ՚ʷ","\u0295\u02c8\u02b7,\u0295\u0315\u02b7,\u0295\u0312\u02b7,\u0295\u0314\u02b7,\u0295\u02bc\u02b7,\u0295\u2019\u02b7,\u0295\u055a\u02b7"
ʕʼ,\u0295\u02bc,"ʕ̓,ʕ̕,ʕ̒,ʕ̔,ʕˈ,ʕ’,ʕ՚","\u0295\u0313,\u0295\u0315,\u0295\u0312,\u0295\u0314,\u0295\u02c8,\u0295\u2019,\u0295\u055a"
ʕʼʷ,\u0295\u02bc\u02b7,"ʕ̓ʷ,ʕ̕ʷ,ʕ̒ʷ,ʕ̔ʷ,ʕˈʷ,ʕ’ʷ,ʕ՚ʷ","\u0295\u0313\u02b7,\u0295\u0315\u02b7,\u0295\u0312\u02b7,\u0295\u0314\u02b7,\u0295\u02c8\u02b7,\u0295\u2019\u02b7,\u0295\u055a\u02b7"
ǂ,\u01c2,ⱡ,\u2c61
θ,\u03b8,"Θ,ϴ","\u0398,\u03f4"
λ,\u03bb,ᵬC,\u1d6c\u0043
χ,\u03c7,Χ,\u03a7
χʷ,\u03c7\u02b7,Χʷ,\u03a7\u02b7
א,\u05d0,,
ᐁ,\u1401,,
ᐃ,\u1403,,
ᐅ,\u1405,,
ᐊ,\u140a,,
ᐟ,\u141f,,
ᐠ,\u1420,,
ᐢ,\u1422,,
ᐣ,\u1423,,
ᐤ,\u1424,,
ᐦ,\u1426,,
ᐧ,\u1427,,
ᐨ,\u1428,,
ᐩ,\u1429,,
ᐯ,\u142f,,
ᐱ,\u1431,,
ᐳ,\u1433,,
ᐸ,\u1438,,
ᑊ,\u144a,,
ᑌ,\u144c,,
ᑎ,\u144e,,
ᑐ,\u1450,,
ᑕ,\u1455,,
ᑫ,\u146b,,
ᑭ,\u146d,,
ᑯ,\u146f,,
ᑲ,\u1472,,
ᒉ,\u1489,,
ᒋ,\u148b,,
ᒍ,\u148d,,
ᒐ,\u1490,,
ᒣ,\u14a3,,
ᒥ,\u14a5,,
ᒧ,\u14a7,,
ᒪ,\u14aa,,
ᒼ,\u14bc,ᑦ,\u1466
ᓀ,\u14c0,,
ᓂ,\u14c2,,
ᓄ,\u14c4,,
ᓇ,\u14c7,,
ᓭ,\u14ed,,
ᓯ,\u14ef,,
ᓱ,\u14f1,,
ᓴ,\u14f4,,
ᔦ,\u1526,,
ᔨ,\u1528,,
ᔪ,\u152a,,
ᔭ,\u152d,,
’A,\u2019\u0041,"ˈA,̕A,̒A,̔A,ʼA,՚A","\u02c8\u0041,\u0315\u0041,\u0312\u0041,\u0314\u0041,\u02bc\u0041,\u055a\u0041"
’C,\u2019\u0043,"ˈC,̕C,̒C,̔C,ʼC,՚C","\u02c8\u0043,\u0315\u0043,\u0312\u0043,\u0314\u0043,\u02bc\u0043,\u055a\u0043"
’K,\u2019\u004b,"ˈK,̕K,̒K,̔K,ʼK,՚K","\u02c8\u004b,\u0315\u004b,\u0312\u004b,\u0314\u004b,\u02bc\u004b,\u055a\u004b"
’Kv,\u2019\u004b\u0076,"ˈKv,̕Kv,̒Kv,̔Kv,ʼKv,՚Kv","\u02c8\u004b\u0076,\u0315\u004b\u0076,\u0312\u004b\u0076,\u0314\u004b\u0076,\u02bc\u004b\u0076,\u055a\u004b\u0076"
’L,\u2019\u004c,"ˈL,̕L,̒L,̔L,ʼL,՚L","\u02c8\u004c,\u0315\u004c,\u0312\u004c,\u0314\u004c,\u02bc\u004c,\u055a\u004c"
’M,\u2019\u004d,"ˈM,̕M,̒M,̔M,ʼM,’M,՚M","\u02c8\u004d,\u0315\u004d,\u0312\u004d,\u0314\u004d,\u02bc\u004d,\u2019\u004d,\u055a\u004d"
’N,\u2019\u004e,"ˈN,̕N,̒N,̔N,ʼN,՚N","\u02c8\u004e,\u0315\u004e,\u0312\u004e,\u0314\u004e,\u02bc\u004e,\u055a\u004e"
’P,\u2019\u0050,"ˈP,̕P,̒P,̔P,ʼP,՚P","\u02c8\u0050,\u0315\u0050,\u0312\u0050,\u0314\u0050,\u02bc\u0050,\u055a\u0050"
’Q,\u2019\u0051,"ˈQ,̕Q,̒Q,̔Q,ʼQ,՚Q","\u02c8\u0051,\u0315\u0051,\u0312\u0051,\u0314\u0051,\u02bc\u0051,\u055a\u0051"
’Qv,\u2019\u0051\u0076,"ˈQv,̕Qv,̒Qv,̔Qv,ʼQv,՚Qv","\u02c8\u0051\u0076,\u0315\u0051\u0076,\u0312\u0051\u0076,\u0314\u0051\u0076,\u02bc\u0051\u0076,\u055a\u0051\u0076"
’T,\u2019\u0054,"ˈT,̕T,̒T,̔T,ʼT,՚T","\u02c8\u0054,\u0315\u0054,\u0312\u0054,\u0314\u0054,\u02bc\u0054,\u055a\u0054"
’Th,\u2019\u0054\u0068,"ˈTh,̕Th,̒Th,̔Th,ʼTh,՚Th","\u02c8\u0054\u0068,\u0315\u0054\u0068,\u0312\u0054\u0068,\u0314\u0054\u0068,\u02bc\u0054\u0068,\u055a\u0054\u0068"
’W,\u2019\u0057,"ˈW,̕W,̒W,̔W,ʼW,՚W","\u02c8\u0057,\u0315\u0057,\u0312\u0057,\u0314\u0057,\u02bc\u0057,\u055a\u0057"
’Y,\u2019\u0059,"ˈY,̕Y,̒Y,̔Y,ʼY,՚Y","\u02c8\u0059,\u0315\u0059,\u0312\u0059,\u0314\u0059,\u02bc\u0059,\u055a\u0059"
ˇG,\u02c7\u0047, ̌G, \u030c\u0047
ˇGv,\u02c7\u0047\u0076, ̌Gv, \u030c\u0047\u0076
ˇX,\u02c7\u0058, ̌X, \u030c\u0058
ˇXv,\u02c7\u0058\u0076, ̌Xv, \u030c\u0058\u0076
⅄,\u2144,,
A̓,\u0041\u0313,"Aˈ,A̕,A̒,A̔,Aʼ,A’,A՚","\u0041\u02c8,\u0041\u0315,\u0041\u0312,\u0041\u0314,\u0041\u02bc,\u0041\u2019,\u0041\u055a"
Ā,\u0100,Ā,\u0041\u0304
A̱,\u0041\u0331,"A̲,A̠,A_","\u0041\u0332,\u0041\u0320,\u0041\u005f"
AA,\u0041\u0041,,
AH,\u0041\u0048,,
AO,\u0041\u004f,,
AÓ,\u0041\u00d3,AÓ,\u0041\u004f\u0301
ÁO,\u00c1\u004f,ÁO,\u0041\u0301\u004f
C̓,\u0043\u0313,"Cˈ,C̕,C̒,C̔,Cʼ,C’,C՚","\u0043\u02c8,\u0043\u0315,\u0043\u0312,\u0043\u0314,\u0043\u02bc,\u0043\u2019,\u0043\u055a"
Ĉ,\u0108,Ĉ,\u0043\u0302
C̣,\u0043\u0323,,
CH,\u0043\u0048,,
CH',\u0043\u0048\u0027,"CH＇,CH’,CH̓,CH̕,CH̒,CH̔,CHʼ,CHˈ,CH՚","\u0043\u0048\uff07,\u0043\u0048\u2019,\u0043\u0048\u0313,\u0043\u0048\u0315,\u0043\u0048\u0312,\u0043\u0048\u0314,\u0043\u0048\u02bc,\u0043\u0048\u02c8,\u0043\u0048\u055a"
Ch',\u0043\u0068\u0027,"Ch＇,Ch’,Ch̓,Ch̕,Ch̒,Ch̔,Chʼ,Chˈ,Ch՚","\u0043\u0068\uff07,\u0043\u0068\u2019,\u0043\u0068\u0313,\u0043\u0068\u0315,\u0043\u0068\u0312,\u0043\u0068\u0314,\u0043\u0068\u02bc,\u0043\u0068\u02c8,\u0043\u0068\u055a"
CH’,\u0043\u0048\u2019,"CH̓,CH̕,CH̒,CH̔,CHʼ,CHˈ,CH՚,CH＇,CH'","\u0043\u0048\u0313,\u0043\u0048\u0315,\u0043\u0048\u0312,\u0043\u0048\u0314,\u0043\u0048\u02bc,\u0043\u0048\u02c8,\u0043\u0048\u055a,\u0043\u0048\uff07,\u0043\u0048\u0027"
CW,\u0043\u0057,,
Dh,\u0044\u0068,,
DH,\u0044\u0048,,
DL,\u0044\u004c,,
Dl,\u0044\u006c,,
DŁ,\u0044\u0141,"DL̸,DL̷","\u0044\u004c\u0338,\u0044\u004c\u0337"
Dᶻ,\u0044\u1dbb,,
DZ,\u0044\u005a,,
Dz,\u0044\u007a,,
DẔ,\u0044\u1e94,"DZ̲,DZ̠,DZ_,DẔ","\u0044\u005a\u0332,\u0044\u005a\u0320,\u0044\u005a\u005f,\u0044\u005a\u0331"
É,\u0045\u0301,,
Ē,\u0112,"Ē,E̅,E︤,E︥,E¯,E‾","\u0045\u0304,\u0045\u0305,\u0045\ufe24,\u0045\ufe25,\u0045\u00af,\u0045\u203e"
EE,\u0045\u0045,,
Ə,\u018f,,
Ə́,\u018f\u0301,,
Ə̣,\u018f\u0323,,
F,\u0046,,
G,\u0047,,
G̓,\u0047\u0313,"Gˈ,G̕,G̒,G̔,Gʼ,G’,G՚","\u0047\u02c8,\u0047\u0315,\u0047\u0312,\u0047\u0314,\u0047\u02bc,\u0047\u2019,\u0047\u055a"
Ĝ,\u011c,Ĝ,\u0047\u0302
Ǧ,\u01e6,Ǧ,\u0047\u030c
G̱,\u0047\u0331,"G̲,G̠,G_","\u0047\u0332,\u0047\u0320,\u0047\u005f"
GH,\u0047\u0048,,
Gh,\u0047\u0068,,
Gv,\u0047\u0076,,
GV,\u0047\u0056,,
ǦV,\u01e6\u0056,ǦV,\u0047\u030c\u0056
GW,\u0047\u0057,,
Gʷ,\u0047\u02b7,,
Gw,\u0047\u0077,,
G̓W,\u0047\u0313\u0057,"GˈW,G̕W,G̒W,G̔W,GʼW,G’W,G՚W","\u0047\u02c8\u0057,\u0047\u0315\u0057,\u0047\u0312\u0057,\u0047\u0314\u0057,\u0047\u02bc\u0057,\u0047\u2019\u0057,\u0047\u055a\u0057"
Ǧʷ,\u01e6\u02b7,Ǧʷ,\u0047\u030c\u02b7
Ǥ,\u01e4,,
ǤW,\u01e4\u0057,,
Ɣ,\u0194,,
Ɣ̓,\u0194\u0313,"Ɣˈ,Ɣ̕,Ɣ̒,Ɣ̔,Ɣʼ,Ɣ’,Ɣ՚","\u0194\u02c8,\u0194\u0315,\u0194\u0312,\u0194\u0314,\u0194\u02bc,\u0194\u2019,\u0194\u055a"
H̓,\u0048\u0313,"Hˈ,H̕,H̒,H̔,Hʼ,H’,H՚","\u0048\u02c8,\u0048\u0315,\u0048\u0312,\u0048\u0314,\u0048\u02bc,\u0048\u2019,\u0048\u055a"
Ĥ,\u0124,Ĥ,\u0048\u0302
Ħ,\u0126,,
HL,\u0048\u004c,,
HW,\u0048\u0057,,
I̓,\u0049\u0313,"Iˈ,I̕,I̒,I̔,Iʼ,I’,I՚","\u0049\u02c8,\u0049\u0315,\u0049\u0312,\u0049\u0314,\u0049\u02bc,\u0049\u2019,\u0049\u055a"
Ī,\u012a,"I̅,I︤,I︥,I¯,I‾","\u0049\u0305,\u0049\ufe24,\u0049\ufe25,\u0049\u00af,\u0049\u203e"
Ị,\u0049\u0323,,
II,\u0049\u0049,,
ÍI,\u0049\u0301\u0049,,
Ĵ,\u0134,Ĵ,\u004a\u0302
K̓,\u004b\u0313,"Kˈ,K̕,K̒,K̔,Kʼ,Ќ,K’,K՚","\u004b\u02c8,\u004b\u0315,\u004b\u0312,\u004b\u0314,\u004b\u02bc,\u040c,\u004b\u2019,\u004b\u055a"
Ḵ̓,\u1e34\u0313,"K̲̓,Ḵ̓,K_̓","\u004b\u0332\u0313,\u004b\u0331\u0313,\u004b\u005f\u0313"
K',\u004b\u0027,"K＇,K’,K̓,K̕,K̒,K̔,Kʼ,Ќ,Kˈ,K՚","\u004b\uff07,\u004b\u2019,\u004b\u0313,\u004b\u0315,\u004b\u0312,\u004b\u0314,\u004b\u02bc,\u040c,\u004b\u02c8,\u004b\u055a"
Ḵ',\u1e34\u0027,"Ḵ＇,Ḵ’,Ḵ̓,Ḵ̕,Ḵ̒,Ḵ̔,Ḵʼ,Ќ̱,Ḵˈ,Ḵ՚,K̲＇,K̲’,K̲̓,K̲̕,K̲̒,K̲̔,K̲ʼ,Ќ̲,K̲ˈ,K̲՚,Ḵ＇,Ḵ’,Ḵ̓,Ḵ̕,Ḵ̒,Ḵ̔,Ḵʼ,Ḵˈ,Ḵ՚","\u004b\u0331\uff07,\u004b\u0331\u2019,\u004b\u0331\u0313,\u004b\u0331\u0315,\u004b\u0331\u0312,\u004b\u0331\u0314,\u004b\u0331\u02bc,\u040c\u0331,\u004b\u0331\u02c8,\u004b\u0331\u055a,\u004b\u0332\uff07,\u004b\u0332\u2019,\u004b\u0332\u0313,\u004b\u0332\u0315,\u004b\u0332\u0312,\u004b\u0332\u0314,\u004b\u0332\u02bc,\u040c\u0332,\u004b\u0332\u02c8,\u004b\u0332\u055a,\u1e34\uff07,\u1e34\u2019,\u1e34\u0313,\u1e34\u0315,\u1e34\u0312,\u1e34\u0314,\u1e34\u02bc,\u1e34\u02c8,\u1e34\u055a"
K’,\u004b\u2019,"K̓,K̕,K̒,K̔,Kʼ,Ќ,Kˈ,K՚,K＇,K'","\u004b\u0313,\u004b\u0315,\u004b\u0312,\u004b\u0314,\u004b\u02bc,\u040c,\u004b\u02c8,\u004b\u055a,\u004b\uff07,\u004b\u0027"
KH,\u004b\u0048,,
Kv,\u004b\u0076,,
KV,\u004b\u0056,,
K̓V,\u004b\u0313\u0056,"KˈV,K̕V,K̒V,K̔V,KʼV,ЌV,K’V,K՚V","\u004b\u02c8\u0056,\u004b\u0315\u0056,\u004b\u0312\u0056,\u004b\u0314\u0056,\u004b\u02bc\u0056,\u040c\u0056,\u004b\u2019\u0056,\u004b\u055a\u0056"
Kʷ,\u004b\u02b7,,
KW,\u004b\u0057,,
K̓ʷ,\u004b\u0313\u02b7,"Kˈʷ,K̕ʷ,K̒ʷ,K̔ʷ,Kʼʷ,Ќʷ,K’ʷ,K՚ʷ","\u004b\u02c8\u02b7,\u004b\u0315\u02b7,\u004b\u0312\u02b7,\u004b\u0314\u02b7,\u004b\u02bc\u02b7,\u040c\u02b7,\u004b\u2019\u02b7,\u004b\u055a\u02b7"
K̓W,\u004b\u0313\u0057,"KˈW,K̕W,K̒W,K̔W,KʼW,ЌW,K’W,K՚W","\u004b\u02c8\u0057,\u004b\u0315\u0057,\u004b\u0312\u0057,\u004b\u0314\u0057,\u004b\u02bc\u0057,\u040c\u0057,\u004b\u2019\u0057,\u004b\u055a\u0057"
K̕W,\u004b\u0315\u0057,"KˈW,K̓W,K̒W,K̔W,KʼW,ЌW,K’W,K՚W","\u004b\u02c8\u0057,\u004b\u0313\u0057,\u004b\u0312\u0057,\u004b\u0314\u0057,\u004b\u02bc\u0057,\u040c\u0057,\u004b\u2019\u0057,\u004b\u055a\u0057"
ḴW,\u004b\u0331\u0057,"K̲W,K̠W,K_W","\u004b\u0332\u0057,\u004b\u0320\u0057,\u004b\u005f\u0057"
Ḵ̕W,\u004b\u0331\u0315\u0057,"K̲ˈW,K̲̕W,K̲̒W,K̲̔W,K̲ʼW,K̲’W,K̲՚W,K̠ˈW,K̠̕W,K̠̒W,K̠̔W,K̠ʼW,K̠’W,K̠՚W,K_ˈW,K_̕W,K_̒W,K_̔W,K_ʼW,K_ЌW,K_’W,K_՚W,ḴˈW,Ḵ̓W,Ḵ̒W,Ḵ̔W,ḴʼW,ḴЌW,Ḵ’W,Ḵ՚W","\u004b\u0332\u02c8\u0057,\u004b\u0332\u0315\u0057,\u004b\u0332\u0312\u0057,\u004b\u0332\u0314\u0057,\u004b\u0332\u02bc\u0057,\u004b\u0332\u2019\u0057,\u004b\u0332\u055a\u0057,\u004b\u0320\u02c8\u0057,\u004b\u0320\u0315\u0057,\u004b\u0320\u0312\u0057,\u004b\u0320\u0314\u0057,\u004b\u0320\u02bc\u0057,\u004b\u0320\u2019\u0057,\u004b\u0320\u055a\u0057,\u004b\u005f\u02c8\u0057,\u004b\u005f\u0315\u0057,\u004b\u005f\u0312\u0057,\u004b\u005f\u0314\u0057,\u004b\u005f\u02bc\u0057,\u004b\u005f\u040c\u0057,\u004b\u005f\u2019\u0057,\u004b\u005f\u055a\u0057,\u004b\u0331\u02c8\u0057,\u004b\u0331\u0313\u0057,\u004b\u0331\u0312\u0057,\u004b\u0331\u0314\u0057,\u004b\u0331\u02bc\u0057,\u004b\u0331\u040c\u0057,\u004b\u0331\u2019\u0057,\u004b\u0331\u055a\u0057"
KW',\u004b\u0057\u0027,"KW＇,KW’,KW̓,KW̕,KW̒,KW̔,KWʼ,KWˈ,KW՚","\u004b\u0057\uff07,\u004b\u0057\u2019,\u004b\u0057\u0313,\u004b\u0057\u0315,\u004b\u0057\u0312,\u004b\u0057\u0314,\u004b\u0057\u02bc,\u004b\u0057\u02c8,\u004b\u0057\u055a"
KW’,\u004b\u0057\u2019,"KW̓,KW̕,KW̒,KW̔,KWʼ,KWˈ,KW՚,KW＇,KW'","\u004b\u0057\u0313,\u004b\u0057\u0315,\u004b\u0057\u0312,\u004b\u0057\u0314,\u004b\u0057\u02bc,\u004b\u0057\u02c8,\u004b\u0057\u055a,\u004b\u0057\uff07,\u004b\u0057\u0027"
L̲,\u004c\u0332,"Ḻ,L̠,L_","\u004c\u0331,\u004c\u0320,\u004c\u005f"
L̓,\u004c\u0313,"Lˈ,L̕,L̒,L̔,Lʼ,L’,L՚","\u004c\u02c8,\u004c\u0315,\u004c\u0312,\u004c\u0314,\u004c\u02bc,\u004c\u2019,\u004c\u055a"
L̀,\u004c\u0300,,
Ľ,\u013d,Ľ,\u004c\u030c
Ḷ,\u1e36,Ḷ,\u004c\u0323
Ḷ̓,\u1e36\u0313,,
Ḷ́,\u1e36\u0301,"Ḷˈ,Ḷ̕,Ḷ̒,Ḷ̔,Ḷʼ,Ḷ’,Ḷ՚,Ḷˈ,Ḷ̕,Ḷ̒,Ḷ̔,Ḷʼ,Ḷ’,Ḷ՚","\u1e36\u02c8,\u1e36\u0315,\u1e36\u0312,\u1e36\u0314,\u1e36\u02bc,\u1e36\u2019,\u1e36\u055a,\u004c\u0323\u02c8,\u004c\u0323\u0315,\u004c\u0323\u0312,\u004c\u0323\u0314,\u004c\u0323\u02bc,\u004c\u0323\u2019,\u004c\u0323\u055a"
Lh,\u004c\u0068,,
LH,\u004c\u0048,,
LL,\u004c\u004c,,
Ɫ,\u2c62,,
M̓,\u004d\u0313,"Mˈ,M̕,M̒,M̔,Mʼ,M’,M՚","\u004d\u02c8,\u004d\u0315,\u004d\u0312,\u004d\u0314,\u004d\u02bc,\u004d\u2019,\u004d\u055a"
Ṃ,\u1e42,Ṃ,\u004d\u0323
Ṃ̓,\u1e42\u0313,"Ṃ̓,Ṃˈ,Ṃ̕,Ṃ̒,Ṃ̔,Ṃʼ,Ṃ’,Ṃ՚,Ṃˈ,Ṃ̕,Ṃ̒,Ṃ̔,Ṃʼ,Ṃ’,Ṃ՚","\u004d\u0323\u0313,\u004d\u0323\u02c8,\u004d\u0323\u0315,\u004d\u0323\u0312,\u004d\u0323\u0314,\u004d\u0323\u02bc,\u004d\u0323\u2019,\u004d\u0323\u055a,\u1e42\u02c8,\u1e42\u0315,\u1e42\u0312,\u1e42\u0314,\u1e42\u02bc,\u1e42\u2019,\u1e42\u055a"
Ṃ́,\u1e42\u0301,Ṃ́,\u004d\u0323\u0301
N̓,\u004e\u0313,"Nˈ,N̕,N̒,N̔,Nʼ,N’,N՚","\u004e\u02c8,\u004e\u0315,\u004e\u0312,\u004e\u0314,\u004e\u02bc,\u004e\u2019,\u004e\u055a"
Ṇ,\u1e46,Ṇ,\u004e\u0323
Ṇ̓,\u1e46\u0313,"Ṇ̓,Ṇˈ,Ṇ̕,Ṇ̒,Ṇ̔,Ṇʼ,Ṇ’,Ṇ՚,Ṇˈ,Ṇ̕,Ṇ̒,Ṇ̔,Ṇʼ,Ṇ’,Ṇ՚","\u004e\u0323\u0313,\u004e\u0323\u02c8,\u004e\u0323\u0315,\u004e\u0323\u0312,\u004e\u0323\u0314,\u004e\u0323\u02bc,\u004e\u0323\u2019,\u004e\u0323\u055a,\u1e46\u02c8,\u1e46\u0315,\u1e46\u0312,\u1e46\u0314,\u1e46\u02bc,\u1e46\u2019,\u1e46\u055a"
Ṇ́,\u1e46\u0301,Ṇ́,\u004e\u0323\u0301
NH,\u004e\u0048,,
Ō,\u014c,"Ō,O̅,O︤,O︥,O¯,O‾","\u004f\u0304,\u004f\u0305,\u004f\ufe24,\u004f\ufe25,\u004f\u00af,\u004f\u203e"
OO,\u004f\u004f,,
OU,\u004f\u0055,,
P̓,\u0050\u0313,"Pˈ,P̕,P̒,P̔,Pʼ,P’,P՚","\u0050\u02c8,\u0050\u0315,\u0050\u0312,\u0050\u0314,\u0050\u02bc,\u0050\u2019,\u0050\u055a"
P',\u0050\u0027,"P＇,P’,P̓,P̕,P̒,P̔,Pʼ,Pˈ,P՚","\u0050\uff07,\u0050\u2019,\u0050\u0313,\u0050\u0315,\u0050\u0312,\u0050\u0314,\u0050\u02bc,\u0050\u02c8,\u0050\u055a"
P’,\u0050\u2019,"P̓,P̕,P̒,P̔,Pʼ,Pˈ,P՚,P＇,P'","\u0050\u0313,\u0050\u0315,\u0050\u0312,\u0050\u0314,\u0050\u02bc,\u0050\u02c8,\u0050\u055a,\u0050\uff07,\u0050\u0027"
Q̓,\u0051\u0313,"Qˈ,Q̕,Q̒,Q̔,Qʼ,Q’,Q՚","\u0051\u02c8,\u0051\u0315,\u0051\u0312,\u0051\u0314,\u0051\u02bc,\u0051\u2019,\u0051\u055a"
Q',\u0051\u0027,"Q＇,Q’,Q̓,Q̕,Q̒,Q̔,Qʼ,Qˈ,Q՚","\u0051\uff07,\u0051\u2019,\u0051\u0313,\u0051\u0315,\u0051\u0312,\u0051\u0314,\u0051\u02bc,\u0051\u02c8,\u0051\u055a"
Q’,\u0051\u2019,"Q̓,Q̕,Q̒,Q̔,Qʼ,Qˈ,Q՚,Q＇,Q'","\u0051\u0313,\u0051\u0315,\u0051\u0312,\u0051\u0314,\u0051\u02bc,\u0051\u02c8,\u0051\u055a,\u0051\uff07,\u0051\u0027"
Qv,\u0051\u0076,,
QV,\u0051\u0056,,
Q̓V,\u0051\u0313\u0056,"QˈV,Q̕V,Q̒V,Q̔V,QʼV,Q’V,Q՚V","\u0051\u02c8\u0056,\u0051\u0315\u0056,\u0051\u0312\u0056,\u0051\u0314\u0056,\u0051\u02bc\u0056,\u0051\u2019\u0056,\u0051\u055a\u0056"
Qʷ,\u0051\u02b7,,
QW,\u0051\u0057,,
Q̓ʷ,\u0051\u0313\u02b7,"Qˈʷ,Q̕ʷ,Q̒ʷ,Q̔ʷ,Qʼʷ,Q’ʷ,Q՚ʷ","\u0051\u02c8\u02b7,\u0051\u0315\u02b7,\u0051\u0312\u02b7,\u0051\u0314\u02b7,\u0051\u02bc\u02b7,\u0051\u2019\u02b7,\u0051\u055a\u02b7"
Q̓W,\u0051\u0313\u0057,"QˈW,Q̕W,Q̒W,Q̔W,QʼW,Q’W,Q՚W","\u0051\u02c8\u0057,\u0051\u0315\u0057,\u0051\u0312\u0057,\u0051\u0314\u0057,\u0051\u02bc\u0057,\u0051\u2019\u0057,\u0051\u055a\u0057"
QW',\u0051\u0057\u0027,"QW＇,QW’,QW̓,QW̕,QW̒,QW̔,QWʼ,QWˈ,QW՚","\u0051\u0057\uff07,\u0051\u0057\u2019,\u0051\u0057\u0313,\u0051\u0057\u0315,\u0051\u0057\u0312,\u0051\u0057\u0314,\u0051\u0057\u02bc,\u0051\u0057\u02c8,\u0051\u0057\u055a"
QW’,\u0051\u0057\u2019,"QW̓,QW̕,QW̒,QW̔,QWʼ,QWˈ,QW՚,QW＇,QW'","\u0051\u0057\u0313,\u0051\u0057\u0315,\u0051\u0057\u0312,\u0051\u0057\u0314,\u0051\u0057\u02bc,\u0051\u0057\u02c8,\u0051\u0057\u055a,\u0051\u0057\uff07,\u0051\u0057\u0027"
R,\u0052,,
R̓,\u0052\u0313,"Rˈ,R̕,R̒,R̔,Rʼ,R’,R՚","\u0052\u02c8,\u0052\u0315,\u0052\u0312,\u0052\u0314,\u0052\u02bc,\u0052\u2019,\u0052\u055a"
S̲,\u0053\u0332,"S̱,S̠,S_","\u0053\u0331,\u0053\u0320,\u0053\u005f"
Ŝ,\u015c,Ŝ,\u0053\u0302
S̱,\u0053\u0331,"S̲,S̠,S_","\u0053\u0332,\u0053\u0320,\u0053\u005f"
SH,\u0053\u0048,,
Sh,\u0053\u0068,,
T̓,\u0054\u0313,"Tˈ,T̕,T̒,T̔,Tʼ,T’,T՚","\u0054\u02c8,\u0054\u0315,\u0054\u0312,\u0054\u0314,\u0054\u02bc,\u0054\u2019,\u0054\u055a"
T̕,\u0054\u0315,"Tˈ,T̓,T̒,T̔,Tʼ,T’,T՚","\u0054\u02c8,\u0054\u0313,\u0054\u0312,\u0054\u0314,\u0054\u02bc,\u0054\u2019,\u0054\u055a"
T',\u0054\u0027,"T＇,T’,T̓,T̕,T̒,T̔,Tʼ,Tˈ,T՚","\u0054\uff07,\u0054\u2019,\u0054\u0313,\u0054\u0315,\u0054\u0312,\u0054\u0314,\u0054\u02bc,\u0054\u02c8,\u0054\u055a"
T’,\u0054\u2019,"T̓,T̕,T̒,T̔,Tʼ,Tˈ,T՚,T＇,T'","\u0054\u0313,\u0054\u0315,\u0054\u0312,\u0054\u0314,\u0054\u02bc,\u0054\u02c8,\u0054\u055a,\u0054\uff07,\u0054\u0027"
Th,\u0054\u0068,,
TH,\u0054\u0048,,
TL,\u0054\u004c,,
TŁ,\u0054\u0141,"TL̸,TL̷","\u0054\u004c\u0338,\u0054\u004c\u0337"
T̕Ł,\u0054\u0315\u0141,"T̕L̸,T̕L̷,TˈL̸,T̓L̸,T̒L̸,T̔L̸,TʼL̸,T’L̸,T՚L̸,TˈL̷,T̓L̷,T̒L̷,T̔L̷,TʼL̷,T’L̷,T՚L̷,TˈŁ,T̓Ł,T̒Ł,T̔Ł,TʼŁ,T’Ł,T՚Ł","\u0054\u0315\u004c\u0338,\u0054\u0315\u004c\u0337,\u0054\u02c8\u004c\u0338,\u0054\u0313\u004c\u0338,\u0054\u0312\u004c\u0338,\u0054\u0314\u004c\u0338,\u0054\u02bc\u004c\u0338,\u0054\u2019\u004c\u0338,\u0054\u055a\u004c\u0338,\u0054\u02c8\u004c\u0337,\u0054\u0313\u004c\u0337,\u0054\u0312\u004c\u0337,\u0054\u0314\u004c\u0337,\u0054\u02bc\u004c\u0337,\u0054\u2019\u004c\u0337,\u0054\u055a\u004c\u0337,\u0054\u02c8\u0141,\u0054\u0313\u0141,\u0054\u0312\u0141,\u0054\u0314\u0141,\u0054\u02bc\u0141,\u0054\u2019\u0141,\u0054\u055a\u0141"
TL',\u0054\u004c\u0027,"TL＇,TL’,TL̓,TL̕,TL̒,TL̔,TLʼ,TLˈ,TL՚","\u0054\u004c\uff07,\u0054\u004c\u2019,\u0054\u004c\u0313,\u0054\u004c\u0315,\u0054\u004c\u0312,\u0054\u004c\u0314,\u0054\u004c\u02bc,\u0054\u004c\u02c8,\u0054\u004c\u055a"
Tł',\u0054\u0142\u0027,"Tł＇,Tł’,Tł̓,Tł̕,Tł̒,Tł̔,Tłʼ,Tłˈ,Tł՚,Tl̸＇,Tl̸’,Tl̸̓,Tl̸̕,Tl̸̒,Tl̸̔,Tl̸ʼ,Tl̸ˈ,Tl̸՚,Tl̷＇,Tl̷’,Tl̷̓,Tl̷̕,Tl̷̒,Tl̷̔,Tl̷ʼ,Tl̷ˈ,Tl̷՚,Tl̸',Tl̷'","\u0054\u0142\uff07,\u0054\u0142\u2019,\u0054\u0142\u0313,\u0054\u0142\u0315,\u0054\u0142\u0312,\u0054\u0142\u0314,\u0054\u0142\u02bc,\u0054\u0142\u02c8,\u0054\u0142\u055a,\u0054\u006c\u0338\uff07,\u0054\u006c\u0338\u2019,\u0054\u006c\u0338\u0313,\u0054\u006c\u0338\u0315,\u0054\u006c\u0338\u0312,\u0054\u006c\u0338\u0314,\u0054\u006c\u0338\u02bc,\u0054\u006c\u0338\u02c8,\u0054\u006c\u0338\u055a,\u0054\u006c\u0337\uff07,\u0054\u006c\u0337\u2019,\u0054\u006c\u0337\u0313,\u0054\u006c\u0337\u0315,\u0054\u006c\u0337\u0312,\u0054\u006c\u0337\u0314,\u0054\u006c\u0337\u02bc,\u0054\u006c\u0337\u02c8,\u0054\u006c\u0337\u055a,\u0054\u006c\u0338\u0027,\u0054\u006c\u0337\u0027"
TL’,\u0054\u004c\u2019,"TL̓,TL̕,TL̒,TL̔,TLʼ,TLˈ,TL՚,TL＇,TL'","\u0054\u004c\u0313,\u0054\u004c\u0315,\u0054\u004c\u0312,\u0054\u004c\u0314,\u0054\u004c\u02bc,\u0054\u004c\u02c8,\u0054\u004c\u055a,\u0054\u004c\uff07,\u0054\u004c\u0027"
TS,\u0054\u0053,,
TS̓,\u0054\u0053\u0313,"TSˈ,TS̕,TS̒,TS̔,TSʼ,TS’,TS՚","\u0054\u0053\u02c8,\u0054\u0053\u0315,\u0054\u0053\u0312,\u0054\u0053\u0314,\u0054\u0053\u02bc,\u0054\u0053\u2019,\u0054\u0053\u055a"
TS̱,\u0054\u0053\u0331,"TS̲,TS̠,TS_","\u0054\u0053\u0332,\u0054\u0053\u0320,\u0054\u0053\u005f"
T̕S,\u0054\u0315\u0053,"TˈS,T̓S,T̒S,T̔S,TʼS,T’S,T՚S","\u0054\u02c8\u0053,\u0054\u0313\u0053,\u0054\u0312\u0053,\u0054\u0314\u0053,\u0054\u02bc\u0053,\u0054\u2019\u0053,\u0054\u055a\u0053"
TS',\u0054\u0053\u0027,"TS＇,TS’,TS̓,TS̕,TS̒,TS̔,TSʼ,TSˈ,TS՚","\u0054\u0053\uff07,\u0054\u0053\u2019,\u0054\u0053\u0313,\u0054\u0053\u0315,\u0054\u0053\u0312,\u0054\u0053\u0314,\u0054\u0053\u02bc,\u0054\u0053\u02c8,\u0054\u0053\u055a"
Ts',\u0054\u0073\u0027,"Ts＇,Ts’,Ts̓,Ts̕,Ts̒,Ts̔,Tsʼ,Tsˈ,Ts՚","\u0054\u0073\uff07,\u0054\u0073\u2019,\u0054\u0073\u0313,\u0054\u0073\u0315,\u0054\u0073\u0312,\u0054\u0073\u0314,\u0054\u0073\u02bc,\u0054\u0073\u02c8,\u0054\u0073\u055a"
TS’,\u0054\u0053\u2019,"TS＇,TS',TS̓,TS̕,TS̒,TS̔,TSʼ,TSˈ,TS՚","\u0054\u0053\uff07,\u0054\u0053\u0027,\u0054\u0053\u0313,\u0054\u0053\u0315,\u0054\u0053\u0312,\u0054\u0053\u0314,\u0054\u0053\u02bc,\u0054\u0053\u02c8,\u0054\u0053\u055a"
TS̱’,\u0054\u0053\u0331\u2019,"TS̱＇,TS̱',TS̱̓,TS̱̕,TS̱̒,TS̱̔,TS̱ʼ,TS̱ˈ,TS̱՚,TS̲＇,TS̲',TS̲̓,TS̲̕,TS̲̒,TS̲̔,TS̲ʼ,TS̲ˈ,TS̲՚,TS̲’","\u0054\u0053\u0331\uff07,\u0054\u0053\u0331\u0027,\u0054\u0053\u0331\u0313,\u0054\u0053\u0331\u0315,\u0054\u0053\u0331\u0312,\u0054\u0053\u0331\u0314,\u0054\u0053\u0331\u02bc,\u0054\u0053\u0331\u02c8,\u0054\u0053\u0331\u055a,\u0054\u0053\u0332\uff07,\u0054\u0053\u0332\u0027,\u0054\u0053\u0332\u0313,\u0054\u0053\u0332\u0315,\u0054\u0053\u0332\u0312,\u0054\u0053\u0332\u0314,\u0054\u0053\u0332\u02bc,\u0054\u0053\u0332\u02c8,\u0054\u0053\u0332\u055a,\u0054\u0053\u0332\u2019"
TTH,\u0054\u0054\u0048,,
TTH',\u0054\u0054\u0048\u0027,"TTH＇,TTH’,TTH̓,TTH̕,TTH̒,TTH̔,TTHʼ,TTHˈ,TTH՚","\u0054\u0054\u0048\uff07,\u0054\u0054\u0048\u2019,\u0054\u0054\u0048\u0313,\u0054\u0054\u0048\u0315,\u0054\u0054\u0048\u0312,\u0054\u0054\u0048\u0314,\u0054\u0054\u0048\u02bc,\u0054\u0054\u0048\u02c8,\u0054\u0054\u0048\u055a"
U̓,\u0055\u0313,"Uˈ,U̕,U̒,U̔,Uʼ,U’,U՚","\u0055\u02c8,\u0055\u0315,\u0055\u0312,\u0055\u0314,\u0055\u02bc,\u0055\u2019,\u0055\u055a"
Ŭ,\u016c,,
Ū,\u016a,"Ū,U̅,Ū,Ū,U¯,U‾","\u0055\u0304,\u0055\u0305,\u0055\u0304,\u0055\u0304,\u0055\u00af,\u0055\u203e"
UU,\u0055\u0055,,
V,\u0056,,
V́,\u0056\u0301,,
W̓,\u0057\u0313,"Wˈ,W̕,W̒,W̔,Wʼ,W’,W՚","\u0057\u02c8,\u0057\u0315,\u0057\u0312,\u0057\u0314,\u0057\u02bc,\u0057\u2019,\u0057\u055a"
W',\u0057\u0027,"W＇,W’,W̓,W̕,W̒,W̔,Wʼ,Wˈ,W՚","\u0057\uff07,\u0057\u2019,\u0057\u0313,\u0057\u0315,\u0057\u0312,\u0057\u0314,\u0057\u02bc,\u0057\u02c8,\u0057\u055a"
X̌,\u0058\u030c,,
X̣,\u0058\u0323,,
Xv,\u0058\u0076,,
XV,\u0058\u0056,,
X̌V,\u0058\u030c\u0056,,
Xʷ,\u0058\u02b7,,
XW,\u0058\u0057,,
X̌ʷ,\u0058\u030c\u02b7,,
X̣ʷ,\u0058\u0323\u02b7,,
X̱W,\u0058\u0331\u0057,,
Y̓,\u0059\u0313,"Yˈ,Y̕,Y̒,Y̔,Yʼ,Y’,Y՚","\u0059\u02c8,\u0059\u0315,\u0059\u0312,\u0059\u0314,\u0059\u02bc,\u0059\u2019,\u0059\u055a"
YH,\u0059\u0048,,
Z̓,\u005a\u0313,"Zˈ,Z̕,Z̒,Z̔,Zʼ,Z’,Z՚","\u005a\u02c8,\u005a\u0315,\u005a\u0312,\u005a\u0314,\u005a\u02bc,\u005a\u2019,\u005a\u055a"
Ẕ,\u1e94,"Z̲,Z̠,Z_,Ẕ","\u005a\u0332,\u005a\u0320,\u005a\u005f,\u005a\u0331"
Zh,\u005a\u0068,,
Ɂ,\u0241,"ɂ,ॽ","\u0242,\u097d"
Λ,\u039b,,
